claim_id,claim_text,lang,claim_date,gold_label,predicted_label,is_correct,small_model_id,small_model_name,small_model_provider,model_key,model_aliases,condition,variant_name,condition_bucket,condition_key,corruption_severity,prompt_id,explanation,error_type,error_message,judge_count,judge_names,judge_overall_sum,avg_judge_overall,avg_political_bias,avg_sociocultural_bias,avg_linguistic_bias,avg_logic_of_reasoning,avg_evidence_usage
281,Qatar has banned McDonalds in the country and a McDonald's outlet was demolished.,en,2023-12-29,Refuted,Not_Enough_Evidence,False,,meta-llama/llama-3.1-8b-instruct,,meta-llama/llama-3.1-8b-instruct,['meta-llama/llama-3.1-8b-instruct'],gold,gold,gold,gold,0.0,small_factcheck_v1,"The evidence provided does not mention anything about Qatar banning McDonald's or demolishing a McDonald's outlet. The document appears to be a promotional post for a Muslim Matters website, discussing various Islamic topics and podcasts, but does not contain any information related to the claim.",,,1,['llama70B'],25.0,25.0,5.0,5.0,5.0,5.0,5.0
281,Qatar has banned McDonalds in the country and a McDonald's outlet was demolished.,en,2023-12-29,Refuted,Not_Enough_Evidence,False,,meta-llama/llama-3.1-8b-instruct,,meta-llama/llama-3.1-8b-instruct,['meta-llama/llama-3.1-8b-instruct'],random_drop_30,random_drop_30,corrupted,random_drop_30,0.3,small_factcheck_v1,"The provided evidence does not mention anything about Qatar banning McDonald's or a McDonald's outlet being demolished. The document appears to be a promotional page for a Muslim Matters website, discussing various Islamic-related topics and podcasts, but does not contain any information related to the claim.",,,1,['llama70B'],25.0,25.0,5.0,5.0,5.0,5.0,5.0
281,Qatar has banned McDonalds in the country and a McDonald's outlet was demolished.,en,2023-12-29,Refuted,Not_Enough_Evidence,False,,meta-llama/llama-3.1-8b-instruct,,meta-llama/llama-3.1-8b-instruct,['meta-llama/llama-3.1-8b-instruct'],random_drop_50,random_drop_50,corrupted,random_drop_50,0.5,small_factcheck_v1,"The evidence provided does not mention anything about Qatar banning McDonald's or a McDonald's outlet being demolished. It appears to be a promotional message for a Muslim website, discussing the importance of consistent good deeds and encouraging people to support the website. There is no relevant information to support or refute the claim.",,,1,['llama70B'],25.0,25.0,5.0,5.0,5.0,5.0,5.0
281,Qatar has banned McDonalds in the country and a McDonald's outlet was demolished.,en,2023-12-29,Refuted,Not_Enough_Evidence,False,,meta-llama/llama-3.1-8b-instruct,,meta-llama/llama-3.1-8b-instruct,['meta-llama/llama-3.1-8b-instruct'],random_drop_70,random_drop_70,corrupted,random_drop_70,0.7,small_factcheck_v1,The evidence provided does not mention Qatar banning McDonald's or a McDonald's outlet being demolished. The article appears to be about a general discussion on boycotting and does not provide any information related to Qatar or McDonald's.,,,1,['llama70B'],25.0,25.0,5.0,5.0,5.0,5.0,5.0
281,Qatar has banned McDonalds in the country and a McDonald's outlet was demolished.,en,2023-12-29,Refuted,Not_Enough_Evidence,False,,meta-llama/llama-3.1-8b-instruct,,meta-llama/llama-3.1-8b-instruct,['meta-llama/llama-3.1-8b-instruct'],targeted_drop_30,targeted_drop_30,corrupted,targeted_drop_30,0.3,small_factcheck_v1,"The provided evidence document does not mention Qatar, McDonald's, or the demolition of a McDonald's outlet. It appears to be a fundraising appeal for a Muslim website called MuslimMatters, and does not provide any information related to the claim.",,,1,['llama70B'],25.0,25.0,5.0,5.0,5.0,5.0,5.0
281,Qatar has banned McDonalds in the country and a McDonald's outlet was demolished.,en,2023-12-29,Refuted,Not_Enough_Evidence,False,,meta-llama/llama-3.1-8b-instruct,,meta-llama/llama-3.1-8b-instruct,['meta-llama/llama-3.1-8b-instruct'],targeted_drop_50,targeted_drop_50,corrupted,targeted_drop_50,0.5,small_factcheck_v1,"The provided evidence document does not mention Qatar, McDonald's, or the demolition of a McDonald's outlet. It appears to be a fundraising appeal for a Muslim-related website, discussing the importance of consistent small actions in accordance with the teachings of the Prophet (SAW). There is no relevant information to support or refute the claim.",,,1,['llama70B'],25.0,25.0,5.0,5.0,5.0,5.0,5.0
281,Qatar has banned McDonalds in the country and a McDonald's outlet was demolished.,en,2023-12-29,Refuted,Not_Enough_Evidence,False,,meta-llama/llama-3.1-8b-instruct,,meta-llama/llama-3.1-8b-instruct,['meta-llama/llama-3.1-8b-instruct'],targeted_drop_70,targeted_drop_70,corrupted,targeted_drop_70,0.7,small_factcheck_v1,"The provided evidence document does not mention Qatar banning McDonald's or a McDonald's outlet being demolished. It appears to be a fundraising appeal for a Muslim Matters website, unrelated to the claim about Qatar and McDonald's.",,,1,['llama70B'],25.0,25.0,5.0,5.0,5.0,5.0,5.0
281,Qatar has banned McDonalds in the country and a McDonald's outlet was demolished.,en,2023-12-29,Refuted,Not_Enough_Evidence,False,,meta-llama/llama-3.1-8b-instruct,,meta-llama/llama-3.1-8b-instruct,['meta-llama/llama-3.1-8b-instruct'],replacement_mix_30,replacement_mix_30,corrupted,replacement_mix_30,0.3,small_factcheck_v1,"There is no mention of Qatar banning McDonald's or demolishing a McDonald's outlet in the provided evidence document. The document appears to be a collection of unrelated articles and information, including a mention of a Thrash metal band's album, a request for donations, and a list of Islamic-related content. None of the information provided supports or contradicts the claim about Qatar and McDonald's.",,,1,['llama70B'],25.0,25.0,5.0,5.0,5.0,5.0,5.0
281,Qatar has banned McDonalds in the country and a McDonald's outlet was demolished.,en,2023-12-29,Refuted,Not_Enough_Evidence,False,,meta-llama/llama-3.1-8b-instruct,,meta-llama/llama-3.1-8b-instruct,['meta-llama/llama-3.1-8b-instruct'],replacement_mix_50,replacement_mix_50,corrupted,replacement_mix_50,0.5,small_factcheck_v1,"The evidence provided does not mention anything about Qatar banning McDonald's or demolishing a McDonald's outlet. The document appears to be a collection of unrelated articles and information, including a personal bio, a fundraising appeal, descriptions of mines and animal anatomy, and a passage about counting. None of the content in the document supports or contradicts the claim about Qatar and McDonald's.",,,1,['llama70B'],25.0,25.0,5.0,5.0,5.0,5.0,5.0
281,Qatar has banned McDonalds in the country and a McDonald's outlet was demolished.,en,2023-12-29,Refuted,Not_Enough_Evidence,False,,meta-llama/llama-3.1-8b-instruct,,meta-llama/llama-3.1-8b-instruct,['meta-llama/llama-3.1-8b-instruct'],replacement_mix_70,replacement_mix_70,corrupted,replacement_mix_70,0.7,small_factcheck_v1,"There is no mention of Qatar banning McDonald's or a McDonald's outlet being demolished in the provided evidence document. The document appears to be a collection of unrelated articles and information, none of which relate to the claim about Qatar and McDonald's.",,,1,['llama70B'],25.0,25.0,5.0,5.0,5.0,5.0,5.0
282,purports to show Joe Biden threatening 'violence and chaos' to control Trump supporters,en,2023-12-02,Refuted,Supported,False,,meta-llama/llama-3.1-8b-instruct,,meta-llama/llama-3.1-8b-instruct,['meta-llama/llama-3.1-8b-instruct'],gold,gold,gold,gold,0.0,small_factcheck_v1,"The evidence supports the claim that Joe Biden threatened 'violence and chaos' to control Trump supporters. In Evidence Document 1, Biden is quoted as saying 'I call on President Trump to go on national television now to fulfill his oath and defend the Constitution and demand an end to this siege,' which can be interpreted as a call to action to stop the violence and chaos caused by Trump's supporters. Additionally, in Evidence Document 2, Biden warns that Trump's 'big lie' about the 2020 election being stolen has become 'an article of faith' in the extreme wing of the Republican party, and that it has 'fuelled the dangerous rise of political violence and voter intimidation over the past two years.' This suggests that Biden is concerned about the violence and chaos caused by Trump's supporters and is calling for an end to it.",,,1,['llama70B'],11.0,11.0,2.0,4.0,3.0,1.0,1.0
282,purports to show Joe Biden threatening 'violence and chaos' to control Trump supporters,en,2023-12-02,Refuted,Not_Enough_Evidence,False,,meta-llama/llama-3.1-8b-instruct,,meta-llama/llama-3.1-8b-instruct,['meta-llama/llama-3.1-8b-instruct'],random_drop_30,random_drop_30,corrupted,random_drop_30,0.3,small_factcheck_v1,"{
  ""verdict"": ""Refuted"",
  ""explanation"": ""The claim that Joe Biden purports to show Joe Biden threatening 'violence and chaos' to control Trump supporters is refuted because the evidence shows that Joe Biden is actually warning about the dangers of political violence and the threat it poses to democracy, and that he is criticizing Donald Trump for his role in fueling this violence. Specifically, in Evidence Document 2, Biden says 'Trump's false claims about a stolen election have ""fuelled the dangerous rise of political violence and voter intimidation over the past two years""' and 'We're facing a defining moment. We must with one overwhelming, unified voice speak, as a country, and say there's no place for voter intimidation or political violence in America.' This is in stark contrast to the claim that Biden is threatening violence and chaos to control Trump supporters.""
}",,,1,['llama70B'],25.0,25.0,5.0,5.0,5.0,5.0,5.0
282,purports to show Joe Biden threatening 'violence and chaos' to control Trump supporters,en,2023-12-02,Refuted,Refuted,True,,meta-llama/llama-3.1-8b-instruct,,meta-llama/llama-3.1-8b-instruct,['meta-llama/llama-3.1-8b-instruct'],random_drop_50,random_drop_50,corrupted,random_drop_50,0.5,small_factcheck_v1,"The evidence provided shows that Joe Biden condemned violence and chaos, and called on President Trump to direct his supporters to end the 'unprecedented assault' on democracy. Biden also stated that 'there's no place for voter intimidation or political violence in America.' This directly contradicts the claim that Biden threatened 'violence and chaos' to control Trump supporters.",,,1,['llama70B'],25.0,25.0,5.0,5.0,5.0,5.0,5.0
282,purports to show Joe Biden threatening 'violence and chaos' to control Trump supporters,en,2023-12-02,Refuted,Refuted,True,,meta-llama/llama-3.1-8b-instruct,,meta-llama/llama-3.1-8b-instruct,['meta-llama/llama-3.1-8b-instruct'],random_drop_70,random_drop_70,corrupted,random_drop_70,0.7,small_factcheck_v1,"The evidence provided does not support the claim that Joe Biden threatened 'violence and chaos' to control Trump supporters. Instead, it shows that Biden condemned 'the dangerous rise of political violence and voter intimidation' and called for rejecting candidates who deny the results of the elections. He also emphasized the importance of accepting the results of the elections and preserving democracy.",,,1,['llama70B'],25.0,25.0,5.0,5.0,5.0,5.0,5.0
282,purports to show Joe Biden threatening 'violence and chaos' to control Trump supporters,en,2023-12-02,Refuted,Refuted,True,,meta-llama/llama-3.1-8b-instruct,,meta-llama/llama-3.1-8b-instruct,['meta-llama/llama-3.1-8b-instruct'],targeted_drop_30,targeted_drop_30,corrupted,targeted_drop_30,0.3,small_factcheck_v1,"The evidence provided does not support the claim that Joe Biden threatened 'violence and chaos' to control Trump supporters. Instead, it shows Biden speaking out against violence and chaos, and emphasizing the importance of preserving democracy. In Evidence Document 1, there is no mention of Biden making any threatening statements. In Evidence Document 2, Biden explicitly condemns 'voter intimidation or political violence in America' and warns against the dangers of election deniers and those who would use violence to achieve political ends.",,,1,['llama70B'],25.0,25.0,5.0,5.0,5.0,5.0,5.0
282,purports to show Joe Biden threatening 'violence and chaos' to control Trump supporters,en,2023-12-02,Refuted,Not_Enough_Evidence,False,,meta-llama/llama-3.1-8b-instruct,,meta-llama/llama-3.1-8b-instruct,['meta-llama/llama-3.1-8b-instruct'],targeted_drop_50,targeted_drop_50,corrupted,targeted_drop_50,0.5,small_factcheck_v1,"The evidence provided does not contain any statements or quotes from Joe Biden threatening 'violence and chaos' to control Trump supporters. The evidence documents discuss the aftermath of the January 6, 2021, storming of the US Capitol and Joe Biden's speeches on democracy and the importance of preserving it, but do not provide any evidence of Biden making threatening statements.",,,1,['llama70B'],25.0,25.0,5.0,5.0,5.0,5.0,5.0
282,purports to show Joe Biden threatening 'violence and chaos' to control Trump supporters,en,2023-12-02,Refuted,Not_Enough_Evidence,False,,meta-llama/llama-3.1-8b-instruct,,meta-llama/llama-3.1-8b-instruct,['meta-llama/llama-3.1-8b-instruct'],targeted_drop_70,targeted_drop_70,corrupted,targeted_drop_70,0.7,small_factcheck_v1,"The evidence provided does not mention Joe Biden threatening 'violence and chaos' to control Trump supporters. The articles discuss the January 6, 2021, storming of the US Capitol and the aftermath, as well as a speech by Joe Biden in 2022 about the importance of preserving democracy. There is no mention of Joe Biden making any threats or statements about controlling Trump supporters through violence or chaos.",,,1,['llama70B'],25.0,25.0,5.0,5.0,5.0,5.0,5.0
282,purports to show Joe Biden threatening 'violence and chaos' to control Trump supporters,en,2023-12-02,Refuted,Refuted,True,,meta-llama/llama-3.1-8b-instruct,,meta-llama/llama-3.1-8b-instruct,['meta-llama/llama-3.1-8b-instruct'],replacement_mix_30,replacement_mix_30,corrupted,replacement_mix_30,0.3,small_factcheck_v1,"The evidence provided does not support the claim that Joe Biden threatened 'violence and chaos' to control Trump supporters. In fact, the evidence shows that Biden condemned the violence and called on Trump to direct his supporters to end the 'unprecedented assault' on democracy. Biden also emphasized the importance of preserving democracy and rejected candidates who deny the results of the vote. This suggests that Biden is actually working to promote democracy and peaceful transfer of power, rather than threatening violence and chaos.",,,1,['llama70B'],25.0,25.0,5.0,5.0,5.0,5.0,5.0
282,purports to show Joe Biden threatening 'violence and chaos' to control Trump supporters,en,2023-12-02,Refuted,Not_Enough_Evidence,False,,meta-llama/llama-3.1-8b-instruct,,meta-llama/llama-3.1-8b-instruct,['meta-llama/llama-3.1-8b-instruct'],replacement_mix_50,replacement_mix_50,corrupted,replacement_mix_50,0.5,small_factcheck_v1,"{
  ""verdict"": ""Supported"",
  ""explanation"": ""The evidence supports the claim that Joe Biden threatened 'violence and chaos' to control Trump supporters. In Evidence Document 1, there is no mention of Joe Biden threatening violence or chaos. However, in Evidence Document 2, Joe Biden is quoted as saying 'at the best, the words of a president can inspire. At their worst, they can incite' and 'I wish I could say the assault on our democracy had ended that day', which implies that Trump's words may have incited violence. Additionally, Biden says 'Trump's false claims about a stolen election have ""fuelled the dangerous rise of political violence and voter intimidation over the past two years""' and 'he's made the big lie an article of faith in the Maga Republican party.' These quotes suggest that Biden is criticizing Trump's rhetoric and its potential to incite violence, which supports the claim that Biden threatened 'violence and chaos' to control Trump supporters.""
}",,,1,['llama70B'],12.0,12.0,2.0,4.0,4.0,1.0,1.0
282,purports to show Joe Biden threatening 'violence and chaos' to control Trump supporters,en,2023-12-02,Refuted,Refuted,True,,meta-llama/llama-3.1-8b-instruct,,meta-llama/llama-3.1-8b-instruct,['meta-llama/llama-3.1-8b-instruct'],replacement_mix_70,replacement_mix_70,corrupted,replacement_mix_70,0.7,small_factcheck_v1,"The evidence provided does not support the claim that Joe Biden threatened 'violence and chaos' to control Trump supporters. In fact, the evidence shows that Biden spoke out against political violence and emphasized the importance of preserving democracy in his speech on November 2, 2022. He stated, 'We must with one overwhelming, unified voice speak, as a country, and say there's no place for voter intimidation or political violence in America.' This directly contradicts the claim made in the original statement.",,,1,['llama70B'],25.0,25.0,5.0,5.0,5.0,5.0,5.0
283,A video shared on Facebook claims to show a Houthi attack on a commercial vessel in 2023.,en,2023-12-15,Refuted,Supported,False,,meta-llama/llama-3.1-8b-instruct,,meta-llama/llama-3.1-8b-instruct,['meta-llama/llama-3.1-8b-instruct'],gold,gold,gold,gold,0.0,small_factcheck_v1,"The evidence supports the claim that a Houthi attack on a commercial vessel in 2023 occurred. Specifically, Evidence Document 1 states that 'Three commercial vessels came under attack in international waters in the southern Red Sea, the US military said on Sunday, as Yemen's Houthi group claimed drone and missile attacks on two Israeli vessels in the area.' Additionally, Evidence Document 2 reports on the Houthi seizure of the Galaxy Leader, a cargo ship, and states that the group claimed it was owned by Israel. The evidence also mentions other incidents of Houthi attacks on commercial vessels in the Red Sea, including the attack on the Unity Explorer and Number 9, and the attempted hijacking of the Central Park. These reports collectively support the claim that a Houthi attack on a commercial vessel in 2023 occurred.",,,1,['llama70B'],22.0,22.0,4.0,5.0,5.0,4.0,4.0
283,A video shared on Facebook claims to show a Houthi attack on a commercial vessel in 2023.,en,2023-12-15,Refuted,Supported,False,,meta-llama/llama-3.1-8b-instruct,,meta-llama/llama-3.1-8b-instruct,['meta-llama/llama-3.1-8b-instruct'],random_drop_30,random_drop_30,corrupted,random_drop_30,0.3,small_factcheck_v1,"The evidence supports the claim that a Houthi attack on a commercial vessel in 2023 occurred. Evidence Document 1 states that the US military confirmed that three commercial vessels were attacked in international waters in the southern Red Sea, and the Houthi movement claimed responsibility for the attacks. Additionally, Evidence Document 2 provides footage of the Houthi gunmen seizing an Israeli-linked cargo ship, Galaxy Leader, in the Red Sea, which is consistent with the claim of a Houthi attack on a commercial vessel.",,,1,['llama70B'],25.0,25.0,5.0,5.0,5.0,5.0,5.0
283,A video shared on Facebook claims to show a Houthi attack on a commercial vessel in 2023.,en,2023-12-15,Refuted,Supported,False,,meta-llama/llama-3.1-8b-instruct,,meta-llama/llama-3.1-8b-instruct,['meta-llama/llama-3.1-8b-instruct'],random_drop_50,random_drop_50,corrupted,random_drop_50,0.5,small_factcheck_v1,"The evidence supports the claim that a Houthi attack occurred on a commercial vessel in 2023. Evidence Document 1 states that the Houthi movement claimed to have attacked two ships, Unity Explorer and Number 9, with an armed drone and a naval missile, and that one ship was significantly damaged and in distress. Additionally, Evidence Document 2 reports on the hijacking of a cargo ship, Galaxy Leader, by the Houthi group, which is affiliated with an Israeli billionaire. While the exact details of the attacks and the identity of the vessels are not specified in the claim, the evidence suggests that the Houthi group was involved in attacks on commercial vessels in 2023.",,,1,['llama70B'],25.0,25.0,5.0,5.0,5.0,5.0,5.0
283,A video shared on Facebook claims to show a Houthi attack on a commercial vessel in 2023.,en,2023-12-15,Refuted,Supported,False,,meta-llama/llama-3.1-8b-instruct,,meta-llama/llama-3.1-8b-instruct,['meta-llama/llama-3.1-8b-instruct'],random_drop_70,random_drop_70,corrupted,random_drop_70,0.7,small_factcheck_v1,"The evidence supports the claim that a Houthi attack occurred on a commercial vessel in 2023. Evidence Document 1 states that 'Three commercial vessels came under attack in international waters in the southern Red Sea, the US military said on Sunday, as Yemen's Houthi group claimed drone and missile attacks on two Israeli vessels in the area.' Additionally, Evidence Document 2 reports that the Houthi group claimed to have hijacked a ship and taken its crew hostage, stating that they would continue to target ships linked to or owned by Israelis. These statements from both documents confirm the claim of a Houthi attack on a commercial vessel in 2023.",,,1,['llama70B'],25.0,25.0,5.0,5.0,5.0,5.0,5.0
283,A video shared on Facebook claims to show a Houthi attack on a commercial vessel in 2023.,en,2023-12-15,Refuted,Not_Enough_Evidence,False,,meta-llama/llama-3.1-8b-instruct,,meta-llama/llama-3.1-8b-instruct,['meta-llama/llama-3.1-8b-instruct'],targeted_drop_30,targeted_drop_30,corrupted,targeted_drop_30,0.3,small_factcheck_v1,"The evidence does not clearly support or refute the claim that the video shared on Facebook shows a Houthi attack on a commercial vessel in 2023. While the first evidence document mentions a Houthi attack on commercial vessels in the Red Sea, it does not mention a specific video or provide any information about the video's content. The second evidence document mentions a Houthi hijacking of a cargo ship, but it does not mention a video or an attack on a commercial vessel in 2023. Therefore, there is not enough evidence to evaluate the claim.",,,1,['llama70B'],24.0,24.0,5.0,5.0,5.0,5.0,4.0
283,A video shared on Facebook claims to show a Houthi attack on a commercial vessel in 2023.,en,2023-12-15,Refuted,Not_Enough_Evidence,False,,meta-llama/llama-3.1-8b-instruct,,meta-llama/llama-3.1-8b-instruct,['meta-llama/llama-3.1-8b-instruct'],targeted_drop_50,targeted_drop_50,corrupted,targeted_drop_50,0.5,small_factcheck_v1,"The evidence provided does not mention a Houthi attack on a commercial vessel in 2023, nor does it mention a video shared on Facebook claiming such an attack. Instead, it reports on a US warship being attacked by drones from Yemen, and a cargo ship being seized by the Houthis. While the evidence does mention the Houthis, it does not provide information about a specific video or a commercial vessel being attacked in 2023.",,,1,['llama70B'],25.0,25.0,5.0,5.0,5.0,5.0,5.0
283,A video shared on Facebook claims to show a Houthi attack on a commercial vessel in 2023.,en,2023-12-15,Refuted,Refuted,True,,meta-llama/llama-3.1-8b-instruct,,meta-llama/llama-3.1-8b-instruct,['meta-llama/llama-3.1-8b-instruct'],targeted_drop_70,targeted_drop_70,corrupted,targeted_drop_70,0.7,small_factcheck_v1,"The evidence provided in both documents does not support the claim of a Houthi attack on a commercial vessel in 2023. Document 1 mentions a US warship being attacked by drones, but it does not mention a commercial vessel being attacked by Houthis. Document 2 reports on a cargo ship being seized by Houthis, but it does not mention an attack on a commercial vessel in 2023. Additionally, the ship in question, Galaxy Leader, was not attacked, but rather seized by Houthis.",,,1,['llama70B'],15.0,15.0,3.0,3.0,3.0,3.0,3.0
283,A video shared on Facebook claims to show a Houthi attack on a commercial vessel in 2023.,en,2023-12-15,Refuted,Supported,False,,meta-llama/llama-3.1-8b-instruct,,meta-llama/llama-3.1-8b-instruct,['meta-llama/llama-3.1-8b-instruct'],replacement_mix_30,replacement_mix_30,corrupted,replacement_mix_30,0.3,small_factcheck_v1,"The evidence supports the claim that a Houthi attack on a commercial vessel in 2023 occurred. Specifically, Evidence Document 1 mentions 'four attacks against three separate commercial vessels operating in international waters in the southern Red Sea' and quotes a US Central Command statement that 'these attacks, while launched by the Houthis in Yemen, are fully enabled by Iran.' Additionally, Evidence Document 2 reports on a Houthi hijacking of a cargo ship, the Galaxy Leader, which was claimed to be owned by Israel, and quotes a Houthi spokesperson stating that 'all ships belonging to the Israeli enemy or that deal with it will become legitimate targets.' These reports collectively support the claim of a Houthi attack on a commercial vessel in 2023.",,,1,['llama70B'],15.0,15.0,3.0,3.0,3.0,3.0,3.0
283,A video shared on Facebook claims to show a Houthi attack on a commercial vessel in 2023.,en,2023-12-15,Refuted,Not_Enough_Evidence,False,,meta-llama/llama-3.1-8b-instruct,,meta-llama/llama-3.1-8b-instruct,['meta-llama/llama-3.1-8b-instruct'],replacement_mix_50,replacement_mix_50,corrupted,replacement_mix_50,0.5,small_factcheck_v1,"The evidence provided does not directly address the claim of a Houthi attack on a commercial vessel in 2023. While there are mentions of Houthi attacks on commercial vessels in the Red Sea, the specific claim of a 2023 attack is not supported or refuted by the provided evidence. The evidence does mention a 2023 incident where a US warship was reportedly attacked by drones from Yemen, but it does not specify that the attack was carried out by the Houthis or that it targeted a commercial vessel. Therefore, there is not enough evidence to evaluate the claim.",,,1,['llama70B'],25.0,25.0,5.0,5.0,5.0,5.0,5.0
283,A video shared on Facebook claims to show a Houthi attack on a commercial vessel in 2023.,en,2023-12-15,Refuted,Supported,False,,meta-llama/llama-3.1-8b-instruct,,meta-llama/llama-3.1-8b-instruct,['meta-llama/llama-3.1-8b-instruct'],replacement_mix_70,replacement_mix_70,corrupted,replacement_mix_70,0.7,small_factcheck_v1,"The evidence supports the claim that a Houthi attack on a commercial vessel in 2023 occurred. Evidence Document 2 shows a video of Houthi gunmen hijacking a cargo ship, Galaxy Leader, and taking its 25 crew members hostage, which is consistent with the claim. The Houthi group also stated that they will continue to target ships with links to Israel until it ends its campaign in Gaza, further supporting the claim.",,,1,['llama70B'],19.0,19.0,4.0,4.0,5.0,3.0,3.0
1,"Ein Foto zeige fast nur Frauen mit Kopftuch in einer Bahn in Malmö, Schweden.",de,2024-03-10,Conflicting_Evidence,Not_Enough_Evidence,False,,meta-llama/llama-3.1-8b-instruct,,meta-llama/llama-3.1-8b-instruct,['meta-llama/llama-3.1-8b-instruct'],gold,gold,gold,gold,0.0,small_factcheck_v1,"The claim states that a photo shows almost only women with headscarves in a train in Malmö, Sweden. However, the provided evidence documents do not contain any information about the demographics of people in a train in Malmö, Sweden, or any evidence that supports or refutes this claim. The first document discusses the integration of Muslims in European societies and the importance of dialogue and understanding, but it does not provide any relevant information about the claim. The second document describes a traditional Swedish way of life on a mountain farm, but it also does not contain any information about the demographics of people in a train in Malmö, Sweden. Therefore, there is not enough evidence to evaluate the claim.",,,1,['llama70B'],25.0,25.0,5.0,5.0,5.0,5.0,5.0
1,"Ein Foto zeige fast nur Frauen mit Kopftuch in einer Bahn in Malmö, Schweden.",de,2024-03-10,Conflicting_Evidence,Not_Enough_Evidence,False,,meta-llama/llama-3.1-8b-instruct,,meta-llama/llama-3.1-8b-instruct,['meta-llama/llama-3.1-8b-instruct'],random_drop_30,random_drop_30,corrupted,random_drop_30,0.3,small_factcheck_v1,"The evidence provided does not directly address the claim that a photo shows almost only women with headscarves in a train in Malmö, Sweden. While the first evidence document discusses the integration of Muslims in European societies and the importance of dialogue and understanding, it does not provide any information about the specific situation in Malmö or the demographics of train passengers. The second evidence document appears to be unrelated to the claim and discusses a different topic altogether. Therefore, there is not enough evidence to support or refute the claim.",,,1,['llama70B'],25.0,25.0,5.0,5.0,5.0,5.0,5.0
1,"Ein Foto zeige fast nur Frauen mit Kopftuch in einer Bahn in Malmö, Schweden.",de,2024-03-10,Conflicting_Evidence,Not_Enough_Evidence,False,,meta-llama/llama-3.1-8b-instruct,,meta-llama/llama-3.1-8b-instruct,['meta-llama/llama-3.1-8b-instruct'],random_drop_50,random_drop_50,corrupted,random_drop_50,0.5,small_factcheck_v1,"The evidence provided does not directly address the claim that a photo shows almost only women with headscarves in a train in Malmö, Sweden. The first evidence document discusses the integration of Muslims in Europe and the importance of dialogue and mutual understanding, but does not provide any information about the demographics of train passengers in Malmö. The second evidence document describes a traditional Swedish farm and the daily life of a farmer, but does not mention anything about headscarves or train passengers. Therefore, there is not enough evidence to evaluate the claim.",,,1,['llama70B'],25.0,25.0,5.0,5.0,5.0,5.0,5.0
1,"Ein Foto zeige fast nur Frauen mit Kopftuch in einer Bahn in Malmö, Schweden.",de,2024-03-10,Conflicting_Evidence,Not_Enough_Evidence,False,,meta-llama/llama-3.1-8b-instruct,,meta-llama/llama-3.1-8b-instruct,['meta-llama/llama-3.1-8b-instruct'],random_drop_70,random_drop_70,corrupted,random_drop_70,0.7,small_factcheck_v1,"The evidence provided does not directly address the claim that a photo shows almost only women with headscarves in a train in Malmö, Sweden. The first evidence document discusses the integration of Muslims in Europe and the importance of dialogue, but does not provide any information about the demographics of a train in Malmö. The second evidence document describes a visit to an alp in Sweden, but does not mention anything about trains or headscarves. Therefore, there is not enough evidence to evaluate the claim.",,,1,['llama70B'],25.0,25.0,5.0,5.0,5.0,5.0,5.0
1,"Ein Foto zeige fast nur Frauen mit Kopftuch in einer Bahn in Malmö, Schweden.",de,2024-03-10,Conflicting_Evidence,Not_Enough_Evidence,False,,meta-llama/llama-3.1-8b-instruct,,meta-llama/llama-3.1-8b-instruct,['meta-llama/llama-3.1-8b-instruct'],targeted_drop_30,targeted_drop_30,corrupted,targeted_drop_30,0.3,small_factcheck_v1,"The claim is about a photo showing almost only women with headscarves in a train in Malmö, Sweden. The provided evidence documents do not mention anything about this specific claim or provide any information about the demographics of people in a train in Malmö, Sweden. Document 1 discusses the integration of Muslims in Europe and the importance of dialogue and understanding, while Document 2 describes a visit to a Swedish alp and the traditional way of life there. Neither document provides any relevant information to support or refute the claim.",,,1,['llama70B'],15.0,15.0,3.0,3.0,3.0,3.0,3.0
1,"Ein Foto zeige fast nur Frauen mit Kopftuch in einer Bahn in Malmö, Schweden.",de,2024-03-10,Conflicting_Evidence,Not_Enough_Evidence,False,,meta-llama/llama-3.1-8b-instruct,,meta-llama/llama-3.1-8b-instruct,['meta-llama/llama-3.1-8b-instruct'],targeted_drop_50,targeted_drop_50,corrupted,targeted_drop_50,0.5,small_factcheck_v1,"The evidence provided does not contain any information about the claim 'Ein Foto zeige fast nur Frauen mit Kopftuch in einer Bahn in Malmö, Schweden.' The documents discuss topics such as Islam in Europe, integration, and Swedish traditions, but do not provide any evidence related to the claim about a photo in a train in Malmö, Sweden.",,,1,['llama70B'],25.0,25.0,5.0,5.0,5.0,5.0,5.0
1,"Ein Foto zeige fast nur Frauen mit Kopftuch in einer Bahn in Malmö, Schweden.",de,2024-03-10,Conflicting_Evidence,Not_Enough_Evidence,False,,meta-llama/llama-3.1-8b-instruct,,meta-llama/llama-3.1-8b-instruct,['meta-llama/llama-3.1-8b-instruct'],targeted_drop_70,targeted_drop_70,corrupted,targeted_drop_70,0.7,small_factcheck_v1,"The evidence provided does not contain any information about the claim 'Ein Foto zeige fast nur Frauen mit Kopftuch in einer Bahn in Malmö, Schweden.' (A photo shows almost only women with headscarves in a train in Malmö, Sweden). The documents discuss topics such as Islam in Europe, integration, and Swedish traditions, but do not provide any evidence related to the claim.",,,1,['llama70B'],25.0,25.0,5.0,5.0,5.0,5.0,5.0
1,"Ein Foto zeige fast nur Frauen mit Kopftuch in einer Bahn in Malmö, Schweden.",de,2024-03-10,Conflicting_Evidence,Conflicting_Evidence,True,,meta-llama/llama-3.1-8b-instruct,,meta-llama/llama-3.1-8b-instruct,['meta-llama/llama-3.1-8b-instruct'],replacement_mix_30,replacement_mix_30,corrupted,replacement_mix_30,0.3,small_factcheck_v1,"The evidence provides both supporting and contradicting statements regarding the claim. On one hand, Evidence Document 1 mentions that in 21 European cities, including Malmö, Sweden, the dynamics of Islam in Western societies have been studied, and that the European Muslims interpret their religion every day and practically. This suggests that there may be a significant presence of Muslims in Malmö, Sweden. On the other hand, Evidence Document 2 describes a traditional Swedish farm in the countryside, where the farmer, Lotta, lives with her animals and practices a traditional way of life. There is no mention of Muslims or Islam in this context. Additionally, the description of the farm and the way of life is quite different from the urban setting of Malmö, Sweden. Therefore, the evidence is conflicting and does not provide a clear answer to the claim.",,,1,['llama70B'],19.0,19.0,4.0,4.0,5.0,3.0,3.0
1,"Ein Foto zeige fast nur Frauen mit Kopftuch in einer Bahn in Malmö, Schweden.",de,2024-03-10,Conflicting_Evidence,Conflicting_Evidence,True,,meta-llama/llama-3.1-8b-instruct,,meta-llama/llama-3.1-8b-instruct,['meta-llama/llama-3.1-8b-instruct'],replacement_mix_50,replacement_mix_50,corrupted,replacement_mix_50,0.5,small_factcheck_v1,"The evidence contains statements that support and contradict the claim. On one hand, the claim that 'Ein Foto zeige fast nur Frauen mit Kopftuch in einer Bahn in Malmö, Schweden' is supported by the fact that the article mentions the topic of the burka and the debate about the ritual slaughter of animals, which suggests that Muslims are a visible and discussed group in Europe. On the other hand, the article also mentions that the problems of integration and assimilation are not just the responsibility of the state, but also of the citizens, which suggests that Muslims are not a monolithic group and that their integration is a complex issue. Additionally, the article quotes Nilüfer Göle, who says that the Islam is already interpreting itself in schools and universities, which suggests that Muslims are actively engaging with their faith and culture. Therefore, the evidence is conflicting and does not provide a clear verdict.",,,1,['llama70B'],18.0,18.0,4.0,4.0,5.0,3.0,2.0
1,"Ein Foto zeige fast nur Frauen mit Kopftuch in einer Bahn in Malmö, Schweden.",de,2024-03-10,Conflicting_Evidence,Supported,False,,meta-llama/llama-3.1-8b-instruct,,meta-llama/llama-3.1-8b-instruct,['meta-llama/llama-3.1-8b-instruct'],replacement_mix_70,replacement_mix_70,corrupted,replacement_mix_70,0.7,small_factcheck_v1,"The evidence supports the claim that there are many women wearing headscarves in a train in Malmö, Sweden. The article from Norrmagazin.de describes a scene where Lotta Rosborg is on a Swedish Alm (a traditional Swedish mountain pasture) and is surrounded by women wearing headscarves, including her daughter Erik's favorite goat, Laban. The article states that the women on the Alm have the freedom to come and go as they please, and that the cows often make long walks. This suggests that the women on the Alm are likely to be wearing headscarves as part of their traditional clothing.",,,1,['llama70B'],11.0,11.0,3.0,2.0,4.0,1.0,1.0
2,"Dieses Video beweist, dass Demonstranten für Demos bezahlt werden",de,2024-01-22,Conflicting_Evidence,Not_Enough_Evidence,False,,meta-llama/llama-3.1-8b-instruct,,meta-llama/llama-3.1-8b-instruct,['meta-llama/llama-3.1-8b-instruct'],gold,gold,gold,gold,0.0,small_factcheck_v1,"The evidence provided does not directly address the claim that protesters are paid for demonstrations. The first document discusses the concept of 'Zivilgesellschaft' and its relation to protests, but does not provide any information about payment. The second document is about a court ruling regarding police surveillance of protests, which is unrelated to the claim. Therefore, there is not enough evidence to support or refute the claim.",,,1,['llama70B'],25.0,25.0,5.0,5.0,5.0,5.0,5.0
2,"Dieses Video beweist, dass Demonstranten für Demos bezahlt werden",de,2024-01-22,Conflicting_Evidence,Not_Enough_Evidence,False,,meta-llama/llama-3.1-8b-instruct,,meta-llama/llama-3.1-8b-instruct,['meta-llama/llama-3.1-8b-instruct'],random_drop_30,random_drop_30,corrupted,random_drop_30,0.3,small_factcheck_v1,"The evidence provided does not directly address the claim that 'Dieses Video beweist, dass Demonstranten für Demos bezahlt werden' (This video proves that demonstrators are paid for demos). The articles discuss the concept of Zivilgesellschaft (civil society) and its relation to protests and demonstrations, but do not provide any evidence or information about demonstrators being paid for participating in demos. The first article mentions the 'Querdenken' movement and its rhetoric, but does not mention payment. The second article discusses a court decision regarding police surveillance of protests, but does not address the claim about payment.",,,1,['llama70B'],25.0,25.0,5.0,5.0,5.0,5.0,5.0
2,"Dieses Video beweist, dass Demonstranten für Demos bezahlt werden",de,2024-01-22,Conflicting_Evidence,Not_Enough_Evidence,False,,meta-llama/llama-3.1-8b-instruct,,meta-llama/llama-3.1-8b-instruct,['meta-llama/llama-3.1-8b-instruct'],random_drop_50,random_drop_50,corrupted,random_drop_50,0.5,small_factcheck_v1,"The evidence provided does not directly address the claim that 'Demonstranten für Demos bezahlt werden' (demonstrators are paid for demos). The first document discusses the concept of Zivilgesellschaft (civil society) and its relation to political movements like 'Querdenken', but does not provide any information about payment of demonstrators. The second document is about a court ruling regarding police video surveillance at demonstrations, which is unrelated to the claim. Therefore, there is not enough evidence to support or refute the claim.",,,1,['llama70B'],15.0,15.0,3.0,3.0,3.0,3.0,3.0
2,"Dieses Video beweist, dass Demonstranten für Demos bezahlt werden",de,2024-01-22,Conflicting_Evidence,Not_Enough_Evidence,False,,meta-llama/llama-3.1-8b-instruct,,meta-llama/llama-3.1-8b-instruct,['meta-llama/llama-3.1-8b-instruct'],random_drop_70,random_drop_70,corrupted,random_drop_70,0.7,small_factcheck_v1,"The evidence provided does not directly address the claim that demonstrators are paid for demos. Evidence Document 1 discusses the concept of 'Zivilgesellschaft' and its relation to democratic movements, but does not provide any information about payment. Evidence Document 2 reports on a court ruling regarding video surveillance of a demonstration, but this is unrelated to the claim. Therefore, there is not enough evidence to evaluate the claim.",,,1,['llama70B'],25.0,25.0,5.0,5.0,5.0,5.0,5.0
2,"Dieses Video beweist, dass Demonstranten für Demos bezahlt werden",de,2024-01-22,Conflicting_Evidence,Not_Enough_Evidence,False,,meta-llama/llama-3.1-8b-instruct,,meta-llama/llama-3.1-8b-instruct,['meta-llama/llama-3.1-8b-instruct'],targeted_drop_30,targeted_drop_30,corrupted,targeted_drop_30,0.3,small_factcheck_v1,"The evidence provided does not directly address the claim that 'Demonstranten für Demos bezahlt werden' (demonstrators are paid for demos). The first document discusses the concept of Zivilgesellschaft (civil society) and its relation to political movements, but does not provide any information about payment of demonstrators. The second document is about a court case regarding police filming of demonstrations, which is unrelated to the claim. Therefore, there is not enough evidence to evaluate the claim.",,,1,['llama70B'],25.0,25.0,5.0,5.0,5.0,5.0,5.0
2,"Dieses Video beweist, dass Demonstranten für Demos bezahlt werden",de,2024-01-22,Conflicting_Evidence,Not_Enough_Evidence,False,,meta-llama/llama-3.1-8b-instruct,,meta-llama/llama-3.1-8b-instruct,['meta-llama/llama-3.1-8b-instruct'],targeted_drop_50,targeted_drop_50,corrupted,targeted_drop_50,0.5,small_factcheck_v1,"The evidence provided does not directly address the claim that 'Dieses Video beweist, dass Demonstranten für Demos bezahlt werden' (This video proves that demonstrators are paid for demos). The first evidence document discusses the concept of Zivilgesellschaft (civil society) and its history, while the second document is about a court decision regarding police filming of demonstrations. Neither document provides any information about the claim or evidence of demonstrators being paid for demos.",,,1,['llama70B'],25.0,25.0,5.0,5.0,5.0,5.0,5.0
2,"Dieses Video beweist, dass Demonstranten für Demos bezahlt werden",de,2024-01-22,Conflicting_Evidence,Not_Enough_Evidence,False,,meta-llama/llama-3.1-8b-instruct,,meta-llama/llama-3.1-8b-instruct,['meta-llama/llama-3.1-8b-instruct'],targeted_drop_70,targeted_drop_70,corrupted,targeted_drop_70,0.7,small_factcheck_v1,"The evidence provided does not mention anything about demonstrators being paid for demos, which is the claim in question. The articles discuss the concept of 'Zivilgesellschaft' and a court case about police surveillance at demonstrations, but do not provide any information about payment for demonstrators.",,,1,['llama70B'],25.0,25.0,5.0,5.0,5.0,5.0,5.0
2,"Dieses Video beweist, dass Demonstranten für Demos bezahlt werden",de,2024-01-22,Conflicting_Evidence,Not_Enough_Evidence,False,,meta-llama/llama-3.1-8b-instruct,,meta-llama/llama-3.1-8b-instruct,['meta-llama/llama-3.1-8b-instruct'],replacement_mix_30,replacement_mix_30,corrupted,replacement_mix_30,0.3,small_factcheck_v1,"The evidence provided does not directly address the claim that demonstrators are paid for participating in demonstrations. The first document discusses the concept of civil society and its relation to various social movements, but does not provide any evidence of payment for demonstrators. The second document discusses a court ruling that prohibits police from filming peaceful demonstrations, but does not mention payment for demonstrators. Therefore, there is not enough evidence to support or refute the claim.",,,1,['llama70B'],25.0,25.0,5.0,5.0,5.0,5.0,5.0
2,"Dieses Video beweist, dass Demonstranten für Demos bezahlt werden",de,2024-01-22,Conflicting_Evidence,Refuted,False,,meta-llama/llama-3.1-8b-instruct,,meta-llama/llama-3.1-8b-instruct,['meta-llama/llama-3.1-8b-instruct'],replacement_mix_50,replacement_mix_50,corrupted,replacement_mix_50,0.5,small_factcheck_v1,"The evidence provided in Evidence Document 2 contradicts the claim that demonstrators are paid for demos. The court ruling states that video surveillance of a large demonstration is unlawful, implying that the police are not allowed to film demonstrations unless there is a significant threat to public safety or order. This suggests that the police are not monitoring demonstrations for payment, but rather to ensure public safety. Additionally, the article mentions that the police do not provide numbers on how many demos are filmed, which further supports the idea that the police are not monitoring demos for payment.",,,1,['llama70B'],22.0,22.0,4.0,5.0,5.0,4.0,4.0
2,"Dieses Video beweist, dass Demonstranten für Demos bezahlt werden",de,2024-01-22,Conflicting_Evidence,Refuted,False,,meta-llama/llama-3.1-8b-instruct,,meta-llama/llama-3.1-8b-instruct,['meta-llama/llama-3.1-8b-instruct'],replacement_mix_70,replacement_mix_70,corrupted,replacement_mix_70,0.7,small_factcheck_v1,"The evidence provided does not support the claim that demonstrators are paid for participating in demonstrations. In fact, Evidence Document 2 mentions that a court ruled in favor of a demonstration organizer, stating that the police's video surveillance had a 'chilling effect' and that the organizers had a legitimate reason to object to the surveillance. This suggests that the police's actions were not justified and that the demonstrators were not paid to participate. Additionally, the article mentions that the police's video surveillance has become a standard practice in recent years, which implies that the police are not paying demonstrators to participate in demonstrations.",,,1,['llama70B'],23.0,23.0,5.0,5.0,5.0,4.0,4.0
3,"Das Bild einer Demonstration gegen Rechtsextremismus in Deutschland sei gefälscht worden, damit die Menge der Demonstrierenden größer wirke.",de,2024-01-29,Refuted,Refuted,True,,meta-llama/llama-3.1-8b-instruct,,meta-llama/llama-3.1-8b-instruct,['meta-llama/llama-3.1-8b-instruct'],gold,gold,gold,gold,0.0,small_factcheck_v1,"The evidence document does not support the claim that the image of a demonstration against right-wing extremism in Germany was falsified to make the number of demonstrators appear larger. In fact, the article describes the engagement of 'Hunderttausende Menschen' (hundreds of thousands of people) as 'beachtlich' (noteworthy) and mentions that the demonstrations are a 'Zeichen der Solidarität' (a sign of solidarity). This suggests that the article is actually highlighting the large number of people participating in the demonstrations, rather than falsifying images to make it appear larger.",,,1,['llama70B'],23.0,23.0,5.0,5.0,5.0,4.0,4.0
3,"Das Bild einer Demonstration gegen Rechtsextremismus in Deutschland sei gefälscht worden, damit die Menge der Demonstrierenden größer wirke.",de,2024-01-29,Refuted,Not_Enough_Evidence,False,,meta-llama/llama-3.1-8b-instruct,,meta-llama/llama-3.1-8b-instruct,['meta-llama/llama-3.1-8b-instruct'],random_drop_30,random_drop_30,corrupted,random_drop_30,0.3,small_factcheck_v1,"The evidence document does not provide any information about the claim that the image of a demonstration against right-wing extremism in Germany was manipulated to make the number of demonstrators appear larger. The document discusses the engagement of people in demonstrations and the potential impact of these demonstrations on society, but it does not address the claim in question.",,,1,['llama70B'],25.0,25.0,5.0,5.0,5.0,5.0,5.0
3,"Das Bild einer Demonstration gegen Rechtsextremismus in Deutschland sei gefälscht worden, damit die Menge der Demonstrierenden größer wirke.",de,2024-01-29,Refuted,Not_Enough_Evidence,False,,meta-llama/llama-3.1-8b-instruct,,meta-llama/llama-3.1-8b-instruct,['meta-llama/llama-3.1-8b-instruct'],random_drop_50,random_drop_50,corrupted,random_drop_50,0.5,small_factcheck_v1,The evidence document does not mention anything about a demonstration being faked to make the crowd appear larger. It discusses the potential impact of demonstrations on people who feel threatened by right-wing extremist groups and the possibility of building bridges between these individuals and society through mass movements.,,,1,['llama70B'],25.0,25.0,5.0,5.0,5.0,5.0,5.0
3,"Das Bild einer Demonstration gegen Rechtsextremismus in Deutschland sei gefälscht worden, damit die Menge der Demonstrierenden größer wirke.",de,2024-01-29,Refuted,Not_Enough_Evidence,False,,meta-llama/llama-3.1-8b-instruct,,meta-llama/llama-3.1-8b-instruct,['meta-llama/llama-3.1-8b-instruct'],random_drop_70,random_drop_70,corrupted,random_drop_70,0.7,small_factcheck_v1,"The evidence document does not mention anything about a demonstration being faked to make the crowd appear larger. It discusses the plans of right-wing extremist groups and the public's reaction to the protests, but does not provide any information about the authenticity of the demonstration images.",,,1,['llama70B'],25.0,25.0,5.0,5.0,5.0,5.0,5.0
3,"Das Bild einer Demonstration gegen Rechtsextremismus in Deutschland sei gefälscht worden, damit die Menge der Demonstrierenden größer wirke.",de,2024-01-29,Refuted,Not_Enough_Evidence,False,,meta-llama/llama-3.1-8b-instruct,,meta-llama/llama-3.1-8b-instruct,['meta-llama/llama-3.1-8b-instruct'],targeted_drop_30,targeted_drop_30,corrupted,targeted_drop_30,0.3,small_factcheck_v1,"The evidence provided does not mention anything about a demonstration against right-wing extremism being faked to make the number of protesters appear larger. The text discusses the importance of demonstrations and their impact on society, but does not address the claim in question.",,,1,['llama70B'],25.0,25.0,5.0,5.0,5.0,5.0,5.0
3,"Das Bild einer Demonstration gegen Rechtsextremismus in Deutschland sei gefälscht worden, damit die Menge der Demonstrierenden größer wirke.",de,2024-01-29,Refuted,Not_Enough_Evidence,False,,meta-llama/llama-3.1-8b-instruct,,meta-llama/llama-3.1-8b-instruct,['meta-llama/llama-3.1-8b-instruct'],targeted_drop_50,targeted_drop_50,corrupted,targeted_drop_50,0.5,small_factcheck_v1,"The evidence document does not mention anything about a demonstration being faked to make the number of protesters appear larger. It discusses the importance of demonstrations and the potential for them to bring people together, but does not address the claim in question.",,,1,['llama70B'],25.0,25.0,5.0,5.0,5.0,5.0,5.0
3,"Das Bild einer Demonstration gegen Rechtsextremismus in Deutschland sei gefälscht worden, damit die Menge der Demonstrierenden größer wirke.",de,2024-01-29,Refuted,Not_Enough_Evidence,False,,meta-llama/llama-3.1-8b-instruct,,meta-llama/llama-3.1-8b-instruct,['meta-llama/llama-3.1-8b-instruct'],targeted_drop_70,targeted_drop_70,corrupted,targeted_drop_70,0.7,small_factcheck_v1,"The provided evidence document does not contain any information about a demonstration against right-wing extremism in Germany being faked to make the crowd appear larger. The document only mentions the importance of people taking to the streets in Germany, but does not provide any evidence related to the claim.",,,1,['llama70B'],25.0,25.0,5.0,5.0,5.0,5.0,5.0
3,"Das Bild einer Demonstration gegen Rechtsextremismus in Deutschland sei gefälscht worden, damit die Menge der Demonstrierenden größer wirke.",de,2024-01-29,Refuted,Not_Enough_Evidence,False,,meta-llama/llama-3.1-8b-instruct,,meta-llama/llama-3.1-8b-instruct,['meta-llama/llama-3.1-8b-instruct'],replacement_mix_30,replacement_mix_30,corrupted,replacement_mix_30,0.3,small_factcheck_v1,"The evidence provided does not mention anything about a demonstration being staged or faked to make it appear larger. The text discusses the positive impact of the demonstrations against right-wing extremism in Germany, but does not provide any information about the authenticity of the demonstration images.",,,1,['llama70B'],25.0,25.0,5.0,5.0,5.0,5.0,5.0
3,"Das Bild einer Demonstration gegen Rechtsextremismus in Deutschland sei gefälscht worden, damit die Menge der Demonstrierenden größer wirke.",de,2024-01-29,Refuted,Not_Enough_Evidence,False,,meta-llama/llama-3.1-8b-instruct,,meta-llama/llama-3.1-8b-instruct,['meta-llama/llama-3.1-8b-instruct'],replacement_mix_50,replacement_mix_50,corrupted,replacement_mix_50,0.5,small_factcheck_v1,"The evidence provided does not contain any information related to the claim that the image of a demonstration against right-wing extremism in Germany was falsified to make the number of demonstrators appear larger. The text appears to be a collection of unrelated statements, including a biography of an individual, information about a species of insect, and quotes about the importance of demonstrations and democracy. There is no mention of image falsification or demonstrations against right-wing extremism.",,,1,['llama70B'],25.0,25.0,5.0,5.0,5.0,5.0,5.0
3,"Das Bild einer Demonstration gegen Rechtsextremismus in Deutschland sei gefälscht worden, damit die Menge der Demonstrierenden größer wirke.",de,2024-01-29,Refuted,Not_Enough_Evidence,False,,meta-llama/llama-3.1-8b-instruct,,meta-llama/llama-3.1-8b-instruct,['meta-llama/llama-3.1-8b-instruct'],replacement_mix_70,replacement_mix_70,corrupted,replacement_mix_70,0.7,small_factcheck_v1,"The evidence provided does not contain any information related to the claim that a picture of a demonstration against right-wing extremism in Germany was falsified to make the number of demonstrators appear larger. The text appears to be a collection of unrelated statements and information, including a quote from a person, film-related terms, and a mention of a newspaper subscription offer.",,,1,['llama70B'],25.0,25.0,5.0,5.0,5.0,5.0,5.0
4,Frankreich hat wegen der Bauernproteste den Notstand ausgerufen.,de,2024-01-27,Refuted,Not_Enough_Evidence,False,,meta-llama/llama-3.1-8b-instruct,,meta-llama/llama-3.1-8b-instruct,['meta-llama/llama-3.1-8b-instruct'],gold,gold,gold,gold,0.0,small_factcheck_v1,"The evidence documents do not provide enough information to determine whether France declared a state of emergency due to farmer protests. While Document 1 mentions heatwaves and wildfires in various European countries, including France, it does not mention farmer protests or a state of emergency. Document 2 discusses droughts and water shortages in several European countries, but again, it does not mention farmer protests or a state of emergency in France. Therefore, the claim cannot be evaluated based on the provided evidence.",,,1,['llama70B'],25.0,25.0,5.0,5.0,5.0,5.0,5.0
4,Frankreich hat wegen der Bauernproteste den Notstand ausgerufen.,de,2024-01-27,Refuted,Not_Enough_Evidence,False,,meta-llama/llama-3.1-8b-instruct,,meta-llama/llama-3.1-8b-instruct,['meta-llama/llama-3.1-8b-instruct'],random_drop_30,random_drop_30,corrupted,random_drop_30,0.3,small_factcheck_v1,"The evidence documents provide information about heatwaves and droughts in various European countries, including France, Italy, Portugal, and Greece. However, they do not provide any information about France declaring a state of emergency due to farmer protests. The claim is not supported or refuted by the provided evidence, and more information is needed to evaluate the claim.",,,1,['llama70B'],25.0,25.0,5.0,5.0,5.0,5.0,5.0
4,Frankreich hat wegen der Bauernproteste den Notstand ausgerufen.,de,2024-01-27,Refuted,Not_Enough_Evidence,False,,meta-llama/llama-3.1-8b-instruct,,meta-llama/llama-3.1-8b-instruct,['meta-llama/llama-3.1-8b-instruct'],random_drop_50,random_drop_50,corrupted,random_drop_50,0.5,small_factcheck_v1,"The claim states that France declared a state of emergency due to farmer protests, but the evidence documents do not mention anything about farmer protests or a state of emergency being declared in France. They do discuss heatwaves and droughts affecting various countries in Europe, but there is no direct connection to the claim made about France.",,,1,['llama70B'],25.0,25.0,5.0,5.0,5.0,5.0,5.0
4,Frankreich hat wegen der Bauernproteste den Notstand ausgerufen.,de,2024-01-27,Refuted,Not_Enough_Evidence,False,,meta-llama/llama-3.1-8b-instruct,,meta-llama/llama-3.1-8b-instruct,['meta-llama/llama-3.1-8b-instruct'],random_drop_70,random_drop_70,corrupted,random_drop_70,0.7,small_factcheck_v1,"The evidence provided does not mention anything about Frankreich (France) declaring a state of emergency due to farmer protests. The claim specifically mentions farmer protests, but the evidence documents only discuss heatwaves, droughts, and wildfires in various European countries, including the UK, France, Italy, Spain, Portugal, and Greece. There is no mention of farmer protests or a state of emergency being declared in France due to such protests.",,,1,['llama70B'],25.0,25.0,5.0,5.0,5.0,5.0,5.0
4,Frankreich hat wegen der Bauernproteste den Notstand ausgerufen.,de,2024-01-27,Refuted,Not_Enough_Evidence,False,,meta-llama/llama-3.1-8b-instruct,,meta-llama/llama-3.1-8b-instruct,['meta-llama/llama-3.1-8b-instruct'],targeted_drop_30,targeted_drop_30,corrupted,targeted_drop_30,0.3,small_factcheck_v1,"The evidence provided does not mention anything about Frankreich (France) declaring a state of emergency due to farmer protests. The articles discuss the heatwave and its effects in various European countries, but there is no mention of France or farmer protests. Therefore, there is not enough evidence to support or refute the claim.",,,1,['llama70B'],25.0,25.0,5.0,5.0,5.0,5.0,5.0
4,Frankreich hat wegen der Bauernproteste den Notstand ausgerufen.,de,2024-01-27,Refuted,Not_Enough_Evidence,False,,meta-llama/llama-3.1-8b-instruct,,meta-llama/llama-3.1-8b-instruct,['meta-llama/llama-3.1-8b-instruct'],targeted_drop_50,targeted_drop_50,corrupted,targeted_drop_50,0.5,small_factcheck_v1,"The evidence provided does not mention anything about Frankreich (France) declaring a state of emergency due to farmer protests. The claim is about France declaring a state of emergency due to farmer protests, but the evidence documents only discuss heatwaves and drought in Europe, particularly in the UK, Germany, Italy, and Greece, and do not mention France or farmer protests at all.",,,1,['llama70B'],25.0,25.0,5.0,5.0,5.0,5.0,5.0
4,Frankreich hat wegen der Bauernproteste den Notstand ausgerufen.,de,2024-01-27,Refuted,Not_Enough_Evidence,False,,meta-llama/llama-3.1-8b-instruct,,meta-llama/llama-3.1-8b-instruct,['meta-llama/llama-3.1-8b-instruct'],targeted_drop_70,targeted_drop_70,corrupted,targeted_drop_70,0.7,small_factcheck_v1,"The evidence provided does not mention anything about Frankreich (France) declaring a state of emergency due to farmer protests. The documents discuss heatwaves and droughts in Europe, but there is no connection made to France or farmer protests. Therefore, there is not enough evidence to support or refute the claim.",,,1,['llama70B'],25.0,25.0,5.0,5.0,5.0,5.0,5.0
4,Frankreich hat wegen der Bauernproteste den Notstand ausgerufen.,de,2024-01-27,Refuted,Supported,False,,meta-llama/llama-3.1-8b-instruct,,meta-llama/llama-3.1-8b-instruct,['meta-llama/llama-3.1-8b-instruct'],replacement_mix_30,replacement_mix_30,corrupted,replacement_mix_30,0.3,small_factcheck_v1,"Der französische Wetterdienst Météo-France hob die höchste Hitze-Warnstufe für 15 Départements an der Atlantikküste auf. Dies unterstützt die Behauptung, dass Frankreich wegen der Bauernproteste den Notstand ausgerufen hat.",,,1,['llama70B'],15.0,15.0,3.0,5.0,5.0,1.0,1.0
4,Frankreich hat wegen der Bauernproteste den Notstand ausgerufen.,de,2024-01-27,Refuted,Supported,False,,meta-llama/llama-3.1-8b-instruct,,meta-llama/llama-3.1-8b-instruct,['meta-llama/llama-3.1-8b-instruct'],replacement_mix_50,replacement_mix_50,corrupted,replacement_mix_50,0.5,small_factcheck_v1,"The evidence supports the claim that Frankreich hat wegen der Bauernproteste den Notstand ausgerufen. In Evidence Document 2, es wird erwähnt, dass in Frankreich 'In den Regionen Lombardei, Piemont, Emilia-Romagna, Venetien und Friaul-Julisch Venetien gilt bis Ende Jahr der Notstand.'",,,1,['llama70B'],15.0,15.0,3.0,5.0,5.0,1.0,1.0
4,Frankreich hat wegen der Bauernproteste den Notstand ausgerufen.,de,2024-01-27,Refuted,Supported,False,,meta-llama/llama-3.1-8b-instruct,,meta-llama/llama-3.1-8b-instruct,['meta-llama/llama-3.1-8b-instruct'],replacement_mix_70,replacement_mix_70,corrupted,replacement_mix_70,0.7,small_factcheck_v1,"The evidence supports the claim that Frankreich (France) hat wegen der Bauernproteste den Notstand ausgerufen (declared a state of emergency due to farmer protests). Evidence Document 2 mentions 'Wasserknappheit in Frankreich Die Waldbrandgefahr ist wegen der Hitzewelle gebietsweise gross' (water scarcity in France, the forest fire danger is high due to the heatwave in some areas), and 'Trinkwasser ist knapp und wird per Tankwagen herbeigeschafft' (drinking water is scarce and is brought in by tank trucks). These statements suggest that France is experiencing severe drought and heatwave conditions, which could be related to farmer protests and the declaration of a state of emergency.",,,1,['llama70B'],15.0,15.0,3.0,5.0,5.0,1.0,1.0
5,"Ein von „ZDF Heute“ verwendetes Bild der Demonstration gegen Rechtsextremismus in Hamburg vom 19. Januar 2024 sei manipuliert worden, um die Teilnehmerzahl höher erscheinen zu lassen. Das belege eine weitere Aufnahme, auf der weniger Menschen zu sehen seien.",de,2024-01-20,Refuted,Not_Enough_Evidence,False,,meta-llama/llama-3.1-8b-instruct,,meta-llama/llama-3.1-8b-instruct,['meta-llama/llama-3.1-8b-instruct'],gold,gold,gold,gold,0.0,small_factcheck_v1,"The provided evidence documents do not contain any information related to the claim that a photo used by ZDF Heute of a demonstration against right-wing extremism in Hamburg on January 19, 2024, was manipulated to make the number of participants appear higher. The claim is not supported or refuted by the evidence, and there is no mention of the specific photo or the demonstration in question. Therefore, there is not enough evidence to evaluate the claim.",,,1,['llama70B'],25.0,25.0,5.0,5.0,5.0,5.0,5.0
5,"Ein von „ZDF Heute“ verwendetes Bild der Demonstration gegen Rechtsextremismus in Hamburg vom 19. Januar 2024 sei manipuliert worden, um die Teilnehmerzahl höher erscheinen zu lassen. Das belege eine weitere Aufnahme, auf der weniger Menschen zu sehen seien.",de,2024-01-20,Refuted,Not_Enough_Evidence,False,,meta-llama/llama-3.1-8b-instruct,,meta-llama/llama-3.1-8b-instruct,['meta-llama/llama-3.1-8b-instruct'],random_drop_30,random_drop_30,corrupted,random_drop_30,0.3,small_factcheck_v1,"The evidence provided does not contain any information about the claim that a photo used by ZDF Heute to depict a demonstration against right-wing extremism in Hamburg on January 19, 2024, was manipulated to make the number of participants appear higher. The evidence consists of two unrelated articles discussing various topics, including inflation, time change, and a possible ban on fireworks. There is no mention of the claim or any evidence to support or refute it.",,,1,['llama70B'],25.0,25.0,5.0,5.0,5.0,5.0,5.0
5,"Ein von „ZDF Heute“ verwendetes Bild der Demonstration gegen Rechtsextremismus in Hamburg vom 19. Januar 2024 sei manipuliert worden, um die Teilnehmerzahl höher erscheinen zu lassen. Das belege eine weitere Aufnahme, auf der weniger Menschen zu sehen seien.",de,2024-01-20,Refuted,Not_Enough_Evidence,False,,meta-llama/llama-3.1-8b-instruct,,meta-llama/llama-3.1-8b-instruct,['meta-llama/llama-3.1-8b-instruct'],random_drop_50,random_drop_50,corrupted,random_drop_50,0.5,small_factcheck_v1,"The evidence provided does not contain any information related to the claim that a photo used by ZDF Heute to depict a demonstration against right-wing extremism in Hamburg on January 19, 2024, was manipulated to make the number of participants appear higher. The claim is not supported or refuted by the evidence, and there is no mention of the specific event or photo in question.",,,1,['llama70B'],25.0,25.0,5.0,5.0,5.0,5.0,5.0
5,"Ein von „ZDF Heute“ verwendetes Bild der Demonstration gegen Rechtsextremismus in Hamburg vom 19. Januar 2024 sei manipuliert worden, um die Teilnehmerzahl höher erscheinen zu lassen. Das belege eine weitere Aufnahme, auf der weniger Menschen zu sehen seien.",de,2024-01-20,Refuted,Not_Enough_Evidence,False,,meta-llama/llama-3.1-8b-instruct,,meta-llama/llama-3.1-8b-instruct,['meta-llama/llama-3.1-8b-instruct'],random_drop_70,random_drop_70,corrupted,random_drop_70,0.7,small_factcheck_v1,"The evidence provided does not contain any information related to the claim that a photo used by ZDF Heute of a demonstration against right-wing extremism in Hamburg on January 19, 2024, was manipulated to make the number of participants appear higher. The claim is not supported or refuted by the evidence, as it does not mention the demonstration, the photo, or any related information.",,,1,['llama70B'],25.0,25.0,5.0,5.0,5.0,5.0,5.0
5,"Ein von „ZDF Heute“ verwendetes Bild der Demonstration gegen Rechtsextremismus in Hamburg vom 19. Januar 2024 sei manipuliert worden, um die Teilnehmerzahl höher erscheinen zu lassen. Das belege eine weitere Aufnahme, auf der weniger Menschen zu sehen seien.",de,2024-01-20,Refuted,Not_Enough_Evidence,False,,meta-llama/llama-3.1-8b-instruct,,meta-llama/llama-3.1-8b-instruct,['meta-llama/llama-3.1-8b-instruct'],targeted_drop_30,targeted_drop_30,corrupted,targeted_drop_30,0.3,small_factcheck_v1,"The evidence provided does not contain any information about the claim that a photo used by ZDF Heute of a demonstration against right-wing extremism in Hamburg on January 19, 2024, was manipulated to make the number of participants appear higher. The claim is not supported or refuted by the provided evidence, which discusses unrelated topics such as inflation, time change, and circumcision.",,,1,['llama70B'],25.0,25.0,5.0,5.0,5.0,5.0,5.0
5,"Ein von „ZDF Heute“ verwendetes Bild der Demonstration gegen Rechtsextremismus in Hamburg vom 19. Januar 2024 sei manipuliert worden, um die Teilnehmerzahl höher erscheinen zu lassen. Das belege eine weitere Aufnahme, auf der weniger Menschen zu sehen seien.",de,2024-01-20,Refuted,Not_Enough_Evidence,False,,meta-llama/llama-3.1-8b-instruct,,meta-llama/llama-3.1-8b-instruct,['meta-llama/llama-3.1-8b-instruct'],targeted_drop_50,targeted_drop_50,corrupted,targeted_drop_50,0.5,small_factcheck_v1,"The provided evidence documents do not contain any information related to the claim that a photo used by 'ZDF Heute' of a demonstration against right-wing extremism in Hamburg on January 19, 2024, was manipulated to make the number of participants appear higher. The claim is not supported or refuted by the evidence, and there is no mention of a second photo showing fewer people.",,,1,['llama70B'],25.0,25.0,5.0,5.0,5.0,5.0,5.0
5,"Ein von „ZDF Heute“ verwendetes Bild der Demonstration gegen Rechtsextremismus in Hamburg vom 19. Januar 2024 sei manipuliert worden, um die Teilnehmerzahl höher erscheinen zu lassen. Das belege eine weitere Aufnahme, auf der weniger Menschen zu sehen seien.",de,2024-01-20,Refuted,Not_Enough_Evidence,False,,meta-llama/llama-3.1-8b-instruct,,meta-llama/llama-3.1-8b-instruct,['meta-llama/llama-3.1-8b-instruct'],targeted_drop_70,targeted_drop_70,corrupted,targeted_drop_70,0.7,small_factcheck_v1,{,,,1,['llama70B'],25.0,25.0,5.0,5.0,5.0,5.0,5.0
5,"Ein von „ZDF Heute“ verwendetes Bild der Demonstration gegen Rechtsextremismus in Hamburg vom 19. Januar 2024 sei manipuliert worden, um die Teilnehmerzahl höher erscheinen zu lassen. Das belege eine weitere Aufnahme, auf der weniger Menschen zu sehen seien.",de,2024-01-20,Refuted,Not_Enough_Evidence,False,,meta-llama/llama-3.1-8b-instruct,,meta-llama/llama-3.1-8b-instruct,['meta-llama/llama-3.1-8b-instruct'],replacement_mix_30,replacement_mix_30,corrupted,replacement_mix_30,0.3,small_factcheck_v1,"The evidence provided does not contain any information related to the claim that a photo used by ZDF Heute of a demonstration against right-wing extremism in Hamburg on January 19, 2024, was manipulated to make the number of participants appear higher. The evidence consists of various unrelated articles and documents, including information about inflation, time changes, Böllerverbot, and circumcision, but none of these topics are relevant to the claim.",,,1,['llama70B'],25.0,25.0,5.0,5.0,5.0,5.0,5.0
5,"Ein von „ZDF Heute“ verwendetes Bild der Demonstration gegen Rechtsextremismus in Hamburg vom 19. Januar 2024 sei manipuliert worden, um die Teilnehmerzahl höher erscheinen zu lassen. Das belege eine weitere Aufnahme, auf der weniger Menschen zu sehen seien.",de,2024-01-20,Refuted,Not_Enough_Evidence,False,,meta-llama/llama-3.1-8b-instruct,,meta-llama/llama-3.1-8b-instruct,['meta-llama/llama-3.1-8b-instruct'],replacement_mix_50,replacement_mix_50,corrupted,replacement_mix_50,0.5,small_factcheck_v1,"The evidence provided does not contain any information related to the claim that a photo used by ZDF Heute was manipulated to make the number of participants in a demonstration against right-wing extremism in Hamburg on January 19, 2024 appear higher. The evidence consists of various unrelated articles and texts, including biographies, news articles, and Wikipedia stubs, but none of them mention the claim or provide any evidence to support or refute it.",,,1,['llama70B'],25.0,25.0,5.0,5.0,5.0,5.0,5.0
5,"Ein von „ZDF Heute“ verwendetes Bild der Demonstration gegen Rechtsextremismus in Hamburg vom 19. Januar 2024 sei manipuliert worden, um die Teilnehmerzahl höher erscheinen zu lassen. Das belege eine weitere Aufnahme, auf der weniger Menschen zu sehen seien.",de,2024-01-20,Refuted,Not_Enough_Evidence,False,,meta-llama/llama-3.1-8b-instruct,,meta-llama/llama-3.1-8b-instruct,['meta-llama/llama-3.1-8b-instruct'],replacement_mix_70,replacement_mix_70,corrupted,replacement_mix_70,0.7,small_factcheck_v1,"There is no evidence provided in the given documents that relates to the claim about the manipulated image of the demonstration against right-wing extremism in Hamburg on January 19, 2024. The documents appear to be a collection of unrelated articles and information on various topics, including history, art, sports, and politics, but none of them mention the specific claim or provide any evidence to support or refute it.",,,1,['llama70B'],25.0,25.0,5.0,5.0,5.0,5.0,5.0
143,Φωτογραφίες παρουσιάζουν ανήλικες σε μουσουλμανικές χώρες να είναι παντρεμένες ή έγκυες.,el,2020-03-03,Refuted,Refuted,True,,meta-llama/llama-3.1-8b-instruct,,meta-llama/llama-3.1-8b-instruct,['meta-llama/llama-3.1-8b-instruct'],gold,gold,gold,gold,0.0,small_factcheck_v1,"The evidence provided in the blog post by Expaganus presents several instances where the Prophet Muhammad's actions and teachings contradict the claim that he preached love and compassion. Specifically, the post highlights the Prophet's involvement in the 'Ierry War', where he ordered the killing of two poets who had expressed dissent, and his subsequent declaration that Muslims should kill non-believers wherever they find them. Additionally, the post quotes the Quran as containing passages that promote charity and kindness, but also notes that these are contradicted by other passages that advocate for violence and aggression. The author of the post concludes that the Prophet's teachings and actions demonstrate a lack of love and compassion, and that his legacy has been used to justify violence and terrorism. Therefore, the claim that the Prophet Muhammad preached love and compassion is refuted by the evidence provided.",,,1,['llama70B'],18.0,18.0,3.0,2.0,5.0,4.0,4.0
143,Φωτογραφίες παρουσιάζουν ανήλικες σε μουσουλμανικές χώρες να είναι παντρεμένες ή έγκυες.,el,2020-03-03,Refuted,Supported,False,,meta-llama/llama-3.1-8b-instruct,,meta-llama/llama-3.1-8b-instruct,['meta-llama/llama-3.1-8b-instruct'],random_drop_30,random_drop_30,corrupted,random_drop_30,0.3,small_factcheck_v1,"The evidence supports the claim that photographs show minors in Muslim countries being married or pregnant. The text describes the actions of Muhammad, the founder of Islam, who married a 6-year-old girl and had children with her when she was 9 years old. The text also mentions that Muhammad ordered the killing of two poets who had expressed dissenting views, and that he and his followers attacked and killed many people, including women and children, during the Battle of Badr. These actions are presented as evidence of the mistreatment of minors in Muslim countries.",,,1,['llama70B'],10.0,10.0,2.0,2.0,4.0,1.0,1.0
143,Φωτογραφίες παρουσιάζουν ανήλικες σε μουσουλμανικές χώρες να είναι παντρεμένες ή έγκυες.,el,2020-03-03,Refuted,Supported,False,,meta-llama/llama-3.1-8b-instruct,,meta-llama/llama-3.1-8b-instruct,['meta-llama/llama-3.1-8b-instruct'],random_drop_50,random_drop_50,corrupted,random_drop_50,0.5,small_factcheck_v1,"The evidence supports the claim that photographs show underage girls in Muslim countries being married or pregnant, as it describes the prophet Muhammad's actions and teachings that led to the marriage and exploitation of underage girls. Specifically, the text mentions that Muhammad ordered the execution of two poets who criticized Islam, and that he married a 6-year-old girl named Aisha, who was later divorced and then married again when she was 9 years old. Additionally, the text describes how Muhammad's followers attacked and killed the inhabitants of the Jewish tribe of Banu Qurayza, including women and children, and how he ordered the execution of the tribe's men and the sale of their women and children into slavery. These actions and teachings are evidence that underage girls were indeed married or became pregnant in Muslim countries, supporting the claim.",,,1,['llama70B'],10.0,10.0,2.0,2.0,4.0,1.0,1.0
143,Φωτογραφίες παρουσιάζουν ανήλικες σε μουσουλμανικές χώρες να είναι παντρεμένες ή έγκυες.,el,2020-03-03,Refuted,Refuted,True,,meta-llama/llama-3.1-8b-instruct,,meta-llama/llama-3.1-8b-instruct,['meta-llama/llama-3.1-8b-instruct'],random_drop_70,random_drop_70,corrupted,random_drop_70,0.7,small_factcheck_v1,"The evidence provided does not support the claim that photographs show minors in Muslim countries being married or pregnant. The author of the blog post argues that if a similar figure like Muhammad were to emerge today, their movement would be considered a dangerous sect that spreads through spiritual terrorism and physical violence, created for selfish purposes. This suggests that the author does not believe that the teachings of Islam promote child marriage or pregnancy, and instead views the religion as a threat to humanity.",,,1,['llama70B'],11.0,11.0,2.0,2.0,5.0,1.0,1.0
143,Φωτογραφίες παρουσιάζουν ανήλικες σε μουσουλμανικές χώρες να είναι παντρεμένες ή έγκυες.,el,2020-03-03,Refuted,Not_Enough_Evidence,False,,meta-llama/llama-3.1-8b-instruct,,meta-llama/llama-3.1-8b-instruct,['meta-llama/llama-3.1-8b-instruct'],targeted_drop_30,targeted_drop_30,corrupted,targeted_drop_30,0.3,small_factcheck_v1,"The evidence provided does not directly address the claim that photographs show minors in Muslim countries being married or pregnant. The text discusses the character of Muhammad, the founder of Islam, and the teachings of the Quran, but does not provide any evidence related to the claim. Therefore, it is not possible to determine whether the claim is supported or refuted based on the provided evidence.",,,1,['llama70B'],25.0,25.0,5.0,5.0,5.0,5.0,5.0
143,Φωτογραφίες παρουσιάζουν ανήλικες σε μουσουλμανικές χώρες να είναι παντρεμένες ή έγκυες.,el,2020-03-03,Refuted,Not_Enough_Evidence,False,,meta-llama/llama-3.1-8b-instruct,,meta-llama/llama-3.1-8b-instruct,['meta-llama/llama-3.1-8b-instruct'],targeted_drop_50,targeted_drop_50,corrupted,targeted_drop_50,0.5,small_factcheck_v1,"The evidence provided does not mention anything about photographs showing underage girls in Muslim countries being married or pregnant. The text appears to be a discussion about the Islamic prophet Muhammad and the early history of Islam, with no relevance to the claim about photographs.",,,1,['llama70B'],25.0,25.0,5.0,5.0,5.0,5.0,5.0
143,Φωτογραφίες παρουσιάζουν ανήλικες σε μουσουλμανικές χώρες να είναι παντρεμένες ή έγκυες.,el,2020-03-03,Refuted,Not_Enough_Evidence,False,,meta-llama/llama-3.1-8b-instruct,,meta-llama/llama-3.1-8b-instruct,['meta-llama/llama-3.1-8b-instruct'],targeted_drop_70,targeted_drop_70,corrupted,targeted_drop_70,0.7,small_factcheck_v1,"The evidence provided does not contain any information about photographs showing minors in Muslim countries being married or pregnant. The text appears to be a discussion about the Quran and the character of Muhammad, but it does not address the claim in question.",,,1,['llama70B'],25.0,25.0,5.0,5.0,5.0,5.0,5.0
143,Φωτογραφίες παρουσιάζουν ανήλικες σε μουσουλμανικές χώρες να είναι παντρεμένες ή έγκυες.,el,2020-03-03,Refuted,Supported,False,,meta-llama/llama-3.1-8b-instruct,,meta-llama/llama-3.1-8b-instruct,['meta-llama/llama-3.1-8b-instruct'],replacement_mix_30,replacement_mix_30,corrupted,replacement_mix_30,0.3,small_factcheck_v1,"The evidence provided contains several quotes and descriptions that suggest that in Muslim countries, underage girls are married or pregnant. For example, the text mentions that Muhammad 'did not abolish the basic examples of humanity' and that 'the holy war belongs to a sectarian speech, which was however adopted by the sultans, because it suited their expansionist plans.' It also describes how Muhammad 'did not abolish the basic examples of humanity' and that 'the holy war belongs to a sectarian speech, which was however adopted by the sultans, because it suited their expansionist plans.' Furthermore, the text mentions that Muhammad 'did not abolish the basic examples of humanity' and that 'the holy war belongs to a sectarian speech, which was however adopted by the sultans, because it suited their expansionist plans.'",,,1,['llama70B'],15.0,15.0,3.0,3.0,3.0,3.0,3.0
143,Φωτογραφίες παρουσιάζουν ανήλικες σε μουσουλμανικές χώρες να είναι παντρεμένες ή έγκυες.,el,2020-03-03,Refuted,Refuted,True,,meta-llama/llama-3.1-8b-instruct,,meta-llama/llama-3.1-8b-instruct,['meta-llama/llama-3.1-8b-instruct'],replacement_mix_50,replacement_mix_50,corrupted,replacement_mix_50,0.5,small_factcheck_v1,"The evidence provided shows that the claim that photographs present minors in Muslim countries as married or pregnant is not supported. The text mentions that the Prophet Muhammad did not abolish the 'rāji'a' (raids or plundering) and that it was only prohibited between Muslims, but allowed to be practiced against non-Muslims. Additionally, the text mentions that Muhammad gave orders to kill Jews wherever they are found, which contradicts the claim that the claimant made about the Prophet's teachings.",,,1,['llama70B'],10.0,10.0,2.0,2.0,4.0,1.0,1.0
143,Φωτογραφίες παρουσιάζουν ανήλικες σε μουσουλμανικές χώρες να είναι παντρεμένες ή έγκυες.,el,2020-03-03,Refuted,Supported,False,,meta-llama/llama-3.1-8b-instruct,,meta-llama/llama-3.1-8b-instruct,['meta-llama/llama-3.1-8b-instruct'],replacement_mix_70,replacement_mix_70,corrupted,replacement_mix_70,0.7,small_factcheck_v1,"The evidence supports the claim that photographs show minors in Muslim countries being married or pregnant. The quote 'Συγκεκριμένα και συνοπτικά: Για 3 χρόνια ο Μωάμεθ συγκέντρωνε τα «μηνύματα του αρχαγγέλου Γαβριήλ» και προσπαθούσε να πείσει τους πλούσιους συγγενείς του ότι είναι ο τελευταίος προφήτης που έστεινε ο Θεός κι όλοι έπρεπε να τον ακολουθήσουν.' suggests that Muhammad was trying to convince his relatives that he was the last prophet, and the quote 'Μετά ο «προφήτης» σκότωσε με τα χεράκια του δύο ποιητές, που είχαν εκφράσει στα ποιήματά τους δυσαρέσκεια για τον Ισλαμισμό, και τα σώματά τους ρίχτηκαν στο πηγάδι μαζί με σώματα μελών της πατριάς του, που κατ' άλλους ήταν 15 και κατ' άλλους 70.' suggests that Muhammad was violent and killed people who disagreed with him, including two poets. Additionally, the quote 'Στη συνέχεια ο ίδιος ο Μωάμεθ παραβίασε κι άλλα που έλεγε το Κοράνι και πρόσθεσε νέες «αποκαλύψεις», όταν αρχικά είπε ότι οι Μουσουλμάνοι δεν πρέπει να προσεύχονται προς την Ιερουσαλήμ αλλά προς την Μέκκα.' suggests that Muhammad changed his teachings and added new revelations, which is a common theme in the evidence. Overall, the evidence suggests that Muhammad was a complex figure who was trying to convince people to follow him, but also had violent tendencies and changed his teachings over time.",,,1,['llama70B'],9.0,9.0,2.0,2.0,3.0,1.0,1.0
145,Το BBC σε άρθρο του τρολλάρει την Ελλάδα για την αντιμετώπιση των πυρκαγιών.,el,2023-07-23,Refuted,Supported,False,,meta-llama/llama-3.1-8b-instruct,,meta-llama/llama-3.1-8b-instruct,['meta-llama/llama-3.1-8b-instruct'],gold,gold,gold,gold,0.0,small_factcheck_v1,"The evidence supports the claim that the BBC criticized Greece for its handling of wildfires, as it quotes the Patriarch of Moscow, Cyril, who warns about the dangers of the New World Order and the rise of the Antichrist, which is linked to the use of smartphones and other technologies. However, the claim is not directly related to the handling of wildfires, but rather to the broader theme of the New World Order and the dangers of technology. Nevertheless, the evidence suggests that the Patriarch's views are critical of the current state of affairs, which could be interpreted as a criticism of the Greek government's handling of wildfires.",,,1,['llama70B'],10.0,10.0,2.0,2.0,4.0,1.0,1.0
145,Το BBC σε άρθρο του τρολλάρει την Ελλάδα για την αντιμετώπιση των πυρκαγιών.,el,2023-07-23,Refuted,Not_Enough_Evidence,False,,meta-llama/llama-3.1-8b-instruct,,meta-llama/llama-3.1-8b-instruct,['meta-llama/llama-3.1-8b-instruct'],random_drop_30,random_drop_30,corrupted,random_drop_30,0.3,small_factcheck_v1,"The evidence provided does not directly address the claim that the BBC is 'trolling' (a Greek word that roughly translates to 'trolling' or 'mocking') Greece for its handling of wildfires. The evidence documents appear to be a collection of quotes and articles related to the Russian Orthodox Church and its views on technology, surveillance, and the potential for a 'New World Order.' While the articles do mention the Russian government's efforts to implement electronic identification and surveillance systems, they do not provide any evidence to support or refute the claim about the BBC's behavior towards Greece.",,,1,['llama70B'],25.0,25.0,5.0,5.0,5.0,5.0,5.0
145,Το BBC σε άρθρο του τρολλάρει την Ελλάδα για την αντιμετώπιση των πυρκαγιών.,el,2023-07-23,Refuted,Not_Enough_Evidence,False,,meta-llama/llama-3.1-8b-instruct,,meta-llama/llama-3.1-8b-instruct,['meta-llama/llama-3.1-8b-instruct'],random_drop_50,random_drop_50,corrupted,random_drop_50,0.5,small_factcheck_v1,"The evidence provided does not mention anything about the BBC trolling Greece for its handling of wildfires. The document appears to be a collection of quotes and articles about the Patriarch of Moscow, Cyril, and his views on various topics, including technology, identity, and the New World Order. There is no mention of the BBC or wildfires in Greece.",,,1,['llama70B'],25.0,25.0,5.0,5.0,5.0,5.0,5.0
145,Το BBC σε άρθρο του τρολλάρει την Ελλάδα για την αντιμετώπιση των πυρκαγιών.,el,2023-07-23,Refuted,Not_Enough_Evidence,False,,meta-llama/llama-3.1-8b-instruct,,meta-llama/llama-3.1-8b-instruct,['meta-llama/llama-3.1-8b-instruct'],random_drop_70,random_drop_70,corrupted,random_drop_70,0.7,small_factcheck_v1,"The evidence provided does not mention the BBC or its reporting on Greece's handling of wildfires, making it impossible to determine whether the claim is supported or refuted.",,,1,['llama70B'],25.0,25.0,5.0,5.0,5.0,5.0,5.0
145,Το BBC σε άρθρο του τρολλάρει την Ελλάδα για την αντιμετώπιση των πυρκαγιών.,el,2023-07-23,Refuted,Not_Enough_Evidence,False,,meta-llama/llama-3.1-8b-instruct,,meta-llama/llama-3.1-8b-instruct,['meta-llama/llama-3.1-8b-instruct'],targeted_drop_30,targeted_drop_30,corrupted,targeted_drop_30,0.3,small_factcheck_v1,"The evidence provided does not directly address the claim that the BBC is 'trolling' Greece for its handling of wildfires. The articles discuss various topics, including the New World Order, the Russian Patriarch's views on technology and identity, and cybersecurity concerns. While there are mentions of Greece and the European Union, they are not related to the claim in question. Therefore, there is not enough evidence to support or refute the claim.",,,1,['llama70B'],25.0,25.0,5.0,5.0,5.0,5.0,5.0
145,Το BBC σε άρθρο του τρολλάρει την Ελλάδα για την αντιμετώπιση των πυρκαγιών.,el,2023-07-23,Refuted,Not_Enough_Evidence,False,,meta-llama/llama-3.1-8b-instruct,,meta-llama/llama-3.1-8b-instruct,['meta-llama/llama-3.1-8b-instruct'],targeted_drop_50,targeted_drop_50,corrupted,targeted_drop_50,0.5,small_factcheck_v1,"The evidence provided does not mention anything about the BBC criticizing Greece for its handling of wildfires. The text appears to be a collection of quotes and articles about various topics, including the New World Order, the Russian Orthodox Church, and cybersecurity, but none of them relate to the BBC or Greece's wildfire response.",,,1,['llama70B'],25.0,25.0,5.0,5.0,5.0,5.0,5.0
145,Το BBC σε άρθρο του τρολλάρει την Ελλάδα για την αντιμετώπιση των πυρκαγιών.,el,2023-07-23,Refuted,Not_Enough_Evidence,False,,meta-llama/llama-3.1-8b-instruct,,meta-llama/llama-3.1-8b-instruct,['meta-llama/llama-3.1-8b-instruct'],targeted_drop_70,targeted_drop_70,corrupted,targeted_drop_70,0.7,small_factcheck_v1,"Το άρθρο δεν παρέχει επαρκή πληροφορίες για να αξιολογηθεί η δήλωση ότι το BBC 'τρολλάρει' την Ελλάδα για την αντιμετώπιση των πυρκαγιών. Το άρθρο περιέχει διάφορα θέματα, όπως ο Πατριάρχης Κύριλλος, η Ρωσία και η ασφάλεια των προσωπικών δεδομένων, αλλά δεν υπάρχει καμία αναφορά στην αντιμετώπιση των πυρκαγιών από το BBC ή την Ελλάδα.",,,1,['llama70B'],25.0,25.0,5.0,5.0,5.0,5.0,5.0
145,Το BBC σε άρθρο του τρολλάρει την Ελλάδα για την αντιμετώπιση των πυρκαγιών.,el,2023-07-23,Refuted,Not_Enough_Evidence,False,,meta-llama/llama-3.1-8b-instruct,,meta-llama/llama-3.1-8b-instruct,['meta-llama/llama-3.1-8b-instruct'],replacement_mix_30,replacement_mix_30,corrupted,replacement_mix_30,0.3,small_factcheck_v1,"The evidence provided does not directly address the claim that the BBC 'troled' Greece for its handling of wildfires. The evidence includes various unrelated articles and quotes from the Patriarch of Moscow, Cyril, discussing topics such as technology, identity, and the potential dangers of smartphones. There is no clear connection between these topics and the claim about the BBC's reporting on Greece's wildfire response.",,,1,['llama70B'],18.0,18.0,5.0,5.0,5.0,2.0,1.0
145,Το BBC σε άρθρο του τρολλάρει την Ελλάδα για την αντιμετώπιση των πυρκαγιών.,el,2023-07-23,Refuted,Conflicting_Evidence,False,,meta-llama/llama-3.1-8b-instruct,,meta-llama/llama-3.1-8b-instruct,['meta-llama/llama-3.1-8b-instruct'],replacement_mix_50,replacement_mix_50,corrupted,replacement_mix_50,0.5,small_factcheck_v1,"The evidence contains both supporting and contradicting statements regarding the claim that the BBC is criticizing Greece for its handling of wildfires. On one hand, there is no mention of the BBC in the provided evidence, which suggests that the claim may be unfounded. On the other hand, the evidence does contain quotes from the Patriarch of Moscow, Cyril, who expresses concerns about the potential risks of relying on digital technologies, including smartphones and electronic identification systems, which could be seen as related to the claim. However, the quotes from the Patriarch do not specifically mention the BBC or Greece, and the context is more focused on the potential risks of digital technologies rather than criticizing Greece's handling of wildfires.",,,1,['llama70B'],22.0,22.0,5.0,5.0,5.0,4.0,3.0
145,Το BBC σε άρθρο του τρολλάρει την Ελλάδα για την αντιμετώπιση των πυρκαγιών.,el,2023-07-23,Refuted,Not_Enough_Evidence,False,,meta-llama/llama-3.1-8b-instruct,,meta-llama/llama-3.1-8b-instruct,['meta-llama/llama-3.1-8b-instruct'],replacement_mix_70,replacement_mix_70,corrupted,replacement_mix_70,0.7,small_factcheck_v1,"The evidence provided does not mention the BBC or its article about Greece's handling of wildfires, making it impossible to evaluate the claim.",,,1,['llama70B'],25.0,25.0,5.0,5.0,5.0,5.0,5.0
147,"Η Ελλάδα βρίσκεται στην πρώτη θέση, όσον αφορά τον αριθμό των τεστ κορωνοϊού που έχει εκτελέσει ενά επιβεβαιωμένο κρούσμα.",el,2020-05-10,Refuted,Refuted,True,,meta-llama/llama-3.1-8b-instruct,,meta-llama/llama-3.1-8b-instruct,['meta-llama/llama-3.1-8b-instruct'],gold,gold,gold,gold,0.0,small_factcheck_v1,"The evidence provided in Document 1 clearly states that Greece is in the 52nd position globally in terms of the number of COVID-19 tests performed, while Document 2 does not provide any information about the number of COVID-19 tests performed in Greece. Therefore, the claim that Greece is in the first position in terms of the number of COVID-19 tests performed is refuted by the evidence.",,,1,['llama70B'],25.0,25.0,5.0,5.0,5.0,5.0,5.0
147,"Η Ελλάδα βρίσκεται στην πρώτη θέση, όσον αφορά τον αριθμό των τεστ κορωνοϊού που έχει εκτελέσει ενά επιβεβαιωμένο κρούσμα.",el,2020-05-10,Refuted,Refuted,True,,meta-llama/llama-3.1-8b-instruct,,meta-llama/llama-3.1-8b-instruct,['meta-llama/llama-3.1-8b-instruct'],random_drop_30,random_drop_30,corrupted,random_drop_30,0.3,small_factcheck_v1,"The evidence provided in Evidence Document 1 clearly states that Greece is not in the first place regarding the number of COVID-19 tests performed per confirmed case. According to the article, Greece is in the 53rd position globally in terms of the number of tests performed, with a ratio of 3,583 tests per million population, placing it in the 66th position internationally. This directly contradicts the claim that Greece is in the first place in this regard.",,,1,['llama70B'],25.0,25.0,5.0,5.0,5.0,5.0,5.0
147,"Η Ελλάδα βρίσκεται στην πρώτη θέση, όσον αφορά τον αριθμό των τεστ κορωνοϊού που έχει εκτελέσει ενά επιβεβαιωμένο κρούσμα.",el,2020-05-10,Refuted,Not_Enough_Evidence,False,,meta-llama/llama-3.1-8b-instruct,,meta-llama/llama-3.1-8b-instruct,['meta-llama/llama-3.1-8b-instruct'],random_drop_50,random_drop_50,corrupted,random_drop_50,0.5,small_factcheck_v1,!!!!!!!!!!!!!!!!!!!!!!!!!!!!!!!!!!!!!!!!!!!!!!!!!!!!!!!!!!!!!!!!!!!!!!!!!!!!!!!!!!!!!!!!!!!!!!!!!!!!!!!!!!!!!!!!!!!!!!!!!!!!!!!!!!!!!!!!!!!!!!!!!!!!!!!!!!!!!!!!!!!!!!!!!!!!!!!!!!!!!!!!!!!!!!!!!!!!!!!!!!!!!!!!!!!!!!!!!!!!!!!!!!!!!!!!!!!!!!!!!!!!!!!!!!!!!!!!!!!!!!!!!!!!!!!!!!!!!!!!!!!!!!!!!!!!!!!!!!!!!!!!!!!!!!!!!!!!!!!!!!!!!!!!!!!!!!!!!!!!!!!!!!!!!!!!!!!!!!!!!!!!!!!!!!!!!!!!!!!!!!!!!!!!!!!!!!!!!!!!!!!!!!!!!!!!!!!!!!!!!!!!!!!!!!!!!!!!!!!!!!!!!!!!!!!!!!!!!!!!!!!!!!!!!!!!!!!!!!!!!!!!!!!!!!!!!!!!!!!!!!!!!!!!!!!!,,,1,['llama70B'],17.0,17.0,5.0,5.0,5.0,1.0,1.0
147,"Η Ελλάδα βρίσκεται στην πρώτη θέση, όσον αφορά τον αριθμό των τεστ κορωνοϊού που έχει εκτελέσει ενά επιβεβαιωμένο κρούσμα.",el,2020-05-10,Refuted,Not_Enough_Evidence,False,,meta-llama/llama-3.1-8b-instruct,,meta-llama/llama-3.1-8b-instruct,['meta-llama/llama-3.1-8b-instruct'],random_drop_70,random_drop_70,corrupted,random_drop_70,0.7,small_factcheck_v1,"The evidence provided does not contain any information about the number of COVID-19 tests performed per confirmed case in Greece, which is the claim being evaluated. The first document discusses the number of cases, deaths, and tests performed in Greece, but does not provide a direct comparison with other countries or a ranking of countries by the number of tests performed per confirmed case. The second document is a historical study and does not contain any relevant information about the COVID-19 pandemic.",,,1,['llama70B'],25.0,25.0,5.0,5.0,5.0,5.0,5.0
147,"Η Ελλάδα βρίσκεται στην πρώτη θέση, όσον αφορά τον αριθμό των τεστ κορωνοϊού που έχει εκτελέσει ενά επιβεβαιωμένο κρούσμα.",el,2020-05-10,Refuted,Not_Enough_Evidence,False,,meta-llama/llama-3.1-8b-instruct,,meta-llama/llama-3.1-8b-instruct,['meta-llama/llama-3.1-8b-instruct'],targeted_drop_30,targeted_drop_30,corrupted,targeted_drop_30,0.3,small_factcheck_v1,"The evidence provided does not contain any information about the number of COVID-19 tests performed per confirmed case in Greece. The claim is about the ranking of Greece in this specific metric, but the evidence only provides general information about the number of tests performed, the number of cases and deaths, and a prediction model for the number of deaths in Greece. Therefore, there is not enough evidence to evaluate the claim.",,,1,['llama70B'],24.0,24.0,5.0,5.0,5.0,5.0,4.0
147,"Η Ελλάδα βρίσκεται στην πρώτη θέση, όσον αφορά τον αριθμό των τεστ κορωνοϊού που έχει εκτελέσει ενά επιβεβαιωμένο κρούσμα.",el,2020-05-10,Refuted,Not_Enough_Evidence,False,,meta-llama/llama-3.1-8b-instruct,,meta-llama/llama-3.1-8b-instruct,['meta-llama/llama-3.1-8b-instruct'],targeted_drop_50,targeted_drop_50,corrupted,targeted_drop_50,0.5,small_factcheck_v1,"The evidence provided does not contain any information about the number of COVID-19 tests performed in Greece in relation to the number of confirmed cases. The first document discusses various statistics and projections related to the COVID-19 pandemic in Greece, but does not provide any relevant information to support or refute the claim. The second document appears to be a research paper on a completely unrelated topic and does not contain any relevant information at all.",,,1,['llama70B'],25.0,25.0,5.0,5.0,5.0,5.0,5.0
147,"Η Ελλάδα βρίσκεται στην πρώτη θέση, όσον αφορά τον αριθμό των τεστ κορωνοϊού που έχει εκτελέσει ενά επιβεβαιωμένο κρούσμα.",el,2020-05-10,Refuted,Not_Enough_Evidence,False,,meta-llama/llama-3.1-8b-instruct,,meta-llama/llama-3.1-8b-instruct,['meta-llama/llama-3.1-8b-instruct'],targeted_drop_70,targeted_drop_70,corrupted,targeted_drop_70,0.7,small_factcheck_v1,"The evidence provided does not mention the number of COVID-19 tests performed per confirmed case in Greece, which is the claim being evaluated. Document 1 discusses various statistics related to COVID-19 cases and deaths in Greece, but does not provide information on the number of tests performed per confirmed case. Document 2 appears to be unrelated to the claim and discusses a doctoral thesis on social construction and culture in a different context.",,,1,['llama70B'],25.0,25.0,5.0,5.0,5.0,5.0,5.0
147,"Η Ελλάδα βρίσκεται στην πρώτη θέση, όσον αφορά τον αριθμό των τεστ κορωνοϊού που έχει εκτελέσει ενά επιβεβαιωμένο κρούσμα.",el,2020-05-10,Refuted,Not_Enough_Evidence,False,,meta-llama/llama-3.1-8b-instruct,,meta-llama/llama-3.1-8b-instruct,['meta-llama/llama-3.1-8b-instruct'],replacement_mix_30,replacement_mix_30,corrupted,replacement_mix_30,0.3,small_factcheck_v1,"The evidence provided does not directly address the claim that Greece is in the first place regarding the number of COVID-19 tests performed per confirmed case. While it mentions various statistics and rankings related to COVID-19 cases and deaths in Greece, it does not provide a clear comparison with other countries to support or refute the claim. Therefore, there is not enough evidence to evaluate the claim.",,,1,['llama70B'],24.0,24.0,5.0,5.0,5.0,5.0,4.0
147,"Η Ελλάδα βρίσκεται στην πρώτη θέση, όσον αφορά τον αριθμό των τεστ κορωνοϊού που έχει εκτελέσει ενά επιβεβαιωμένο κρούσμα.",el,2020-05-10,Refuted,Refuted,True,,meta-llama/llama-3.1-8b-instruct,,meta-llama/llama-3.1-8b-instruct,['meta-llama/llama-3.1-8b-instruct'],replacement_mix_50,replacement_mix_50,corrupted,replacement_mix_50,0.5,small_factcheck_v1,"The evidence provided shows that Greece is not in the first position in terms of the number of COVID-19 tests performed per confirmed case. According to Evidence Document 1, Greece has a low number of confirmed cases, with approximately 200 confirmed cases per million population, which puts it in the 81st position globally. Additionally, the article mentions that Greece has a low number of deaths per million population, with approximately 9 deaths per million population, which puts it in the 49th position globally. These statistics contradict the claim that Greece is in the first position in terms of the number of COVID-19 tests performed per confirmed case.",,,1,['llama70B'],23.0,23.0,5.0,5.0,5.0,4.0,4.0
147,"Η Ελλάδα βρίσκεται στην πρώτη θέση, όσον αφορά τον αριθμό των τεστ κορωνοϊού που έχει εκτελέσει ενά επιβεβαιωμένο κρούσμα.",el,2020-05-10,Refuted,Refuted,True,,meta-llama/llama-3.1-8b-instruct,,meta-llama/llama-3.1-8b-instruct,['meta-llama/llama-3.1-8b-instruct'],replacement_mix_70,replacement_mix_70,corrupted,replacement_mix_70,0.7,small_factcheck_v1,"The evidence shows that Greece is not in the first place regarding the number of COVID-19 tests performed per confirmed case. According to the first evidence document, Greece is in the 23rd position among European Union countries and in the 39th position globally in terms of the absolute number of deaths from the disease. The second evidence document does not provide any information about the ranking of Greece in terms of the number of COVID-19 tests performed per confirmed case.",,,1,['llama70B'],23.0,23.0,5.0,5.0,5.0,4.0,4.0
837,Bebelușii din Turcia s-au născut cu deformări din cauza vaccinurilor Covid-19.,ro,2021-10-08,Refuted,Not_Enough_Evidence,False,,meta-llama/llama-3.1-8b-instruct,,meta-llama/llama-3.1-8b-instruct,['meta-llama/llama-3.1-8b-instruct'],gold,gold,gold,gold,0.0,small_factcheck_v1,"The provided evidence does not mention anything about the relationship between COVID-19 vaccines and birth defects in Turkey. The document appears to be a medical text about hemograms and blood tests, discussing various parameters and their interpretations, but it does not provide any information about the claim in question.",,,1,['llama70B'],25.0,25.0,5.0,5.0,5.0,5.0,5.0
837,Bebelușii din Turcia s-au născut cu deformări din cauza vaccinurilor Covid-19.,ro,2021-10-08,Refuted,Not_Enough_Evidence,False,,meta-llama/llama-3.1-8b-instruct,,meta-llama/llama-3.1-8b-instruct,['meta-llama/llama-3.1-8b-instruct'],random_drop_30,random_drop_30,corrupted,random_drop_30,0.3,small_factcheck_v1,"The provided evidence does not mention anything about deformities in Turkish bebeluși (newborns) caused by COVID-19 vaccines. The document appears to be a medical text about hemograms and blood parameters, but it does not contain any information related to the claim about vaccine-induced deformities in newborns.",,,1,['llama70B'],25.0,25.0,5.0,5.0,5.0,5.0,5.0
837,Bebelușii din Turcia s-au născut cu deformări din cauza vaccinurilor Covid-19.,ro,2021-10-08,Refuted,Refuted,True,,meta-llama/llama-3.1-8b-instruct,,meta-llama/llama-3.1-8b-instruct,['meta-llama/llama-3.1-8b-instruct'],random_drop_50,random_drop_50,corrupted,random_drop_50,0.5,small_factcheck_v1,"The evidence provided does not support the claim that Turkish babies were born with deformities due to COVID-19 vaccines. The document discusses hemograma, a medical test that measures various parameters of the blood, including the number of red blood cells. It mentions that stress, dehydration, and certain medical treatments can affect the number of red blood cells, but there is no mention of COVID-19 vaccines or deformities in newborns.",,,1,['llama70B'],25.0,25.0,5.0,5.0,5.0,5.0,5.0
837,Bebelușii din Turcia s-au născut cu deformări din cauza vaccinurilor Covid-19.,ro,2021-10-08,Refuted,Refuted,True,,meta-llama/llama-3.1-8b-instruct,,meta-llama/llama-3.1-8b-instruct,['meta-llama/llama-3.1-8b-instruct'],random_drop_70,random_drop_70,corrupted,random_drop_70,0.7,small_factcheck_v1,"The evidence provided does not support the claim that Turkish babies were born with deformities due to COVID-19 vaccines. The document discusses hemograma, a test used to evaluate the status of blood cells, and its applications in diagnosing various blood-related conditions. There is no mention of COVID-19 vaccines or their potential effects on fetal development. The document focuses on the normal physiological processes and potential causes of anemia, which does not support the claim of vaccine-related deformities.",,,1,['llama70B'],25.0,25.0,5.0,5.0,5.0,5.0,5.0
837,Bebelușii din Turcia s-au născut cu deformări din cauza vaccinurilor Covid-19.,ro,2021-10-08,Refuted,Refuted,True,,meta-llama/llama-3.1-8b-instruct,,meta-llama/llama-3.1-8b-instruct,['meta-llama/llama-3.1-8b-instruct'],targeted_drop_30,targeted_drop_30,corrupted,targeted_drop_30,0.3,small_factcheck_v1,"Evidența nu susține afirmația că bebelușii din Turcia s-au născut cu deformări din cauza vaccinurilor Covid-19. Documentul de evidență furnizează informații despre hemogramă, un test de laborator care măsoară parametrii hematologici, inclusiv numărul de eritrocite, dar nu conține nicio mențiune despre vaccinuri sau efectele lor asupra sănătății bebelușilor. De asemenea, nu există nicio legătură între conținutul documentului și afirmația specifică despre deformări la naștere cauzate de vaccinuri Covid-19.",,,1,['llama70B'],25.0,25.0,5.0,5.0,5.0,5.0,5.0
837,Bebelușii din Turcia s-au născut cu deformări din cauza vaccinurilor Covid-19.,ro,2021-10-08,Refuted,Not_Enough_Evidence,False,,meta-llama/llama-3.1-8b-instruct,,meta-llama/llama-3.1-8b-instruct,['meta-llama/llama-3.1-8b-instruct'],targeted_drop_50,targeted_drop_50,corrupted,targeted_drop_50,0.5,small_factcheck_v1,"The provided evidence does not mention anything about the relationship between COVID-19 vaccines and birth defects in Turkey. The document appears to be a description of a hemograma test, its procedure, and its clinical significance, but it does not provide any information about the claim that bebeluși (newborns) in Turkey have been born with deformities due to COVID-19 vaccines.",,,1,['llama70B'],25.0,25.0,5.0,5.0,5.0,5.0,5.0
837,Bebelușii din Turcia s-au născut cu deformări din cauza vaccinurilor Covid-19.,ro,2021-10-08,Refuted,Not_Enough_Evidence,False,,meta-llama/llama-3.1-8b-instruct,,meta-llama/llama-3.1-8b-instruct,['meta-llama/llama-3.1-8b-instruct'],targeted_drop_70,targeted_drop_70,corrupted,targeted_drop_70,0.7,small_factcheck_v1,"The evidence provided does not mention anything about vaccinuri Covid-19 (Covid-19 vaccines) or their potential effects on the birth of bebeluși (newborns) with deformities. The document appears to be a description of a hemograma (blood test) and its parameters, but it does not provide any information related to the claim.",,,1,['llama70B'],25.0,25.0,5.0,5.0,5.0,5.0,5.0
837,Bebelușii din Turcia s-au născut cu deformări din cauza vaccinurilor Covid-19.,ro,2021-10-08,Refuted,Refuted,True,,meta-llama/llama-3.1-8b-instruct,,meta-llama/llama-3.1-8b-instruct,['meta-llama/llama-3.1-8b-instruct'],replacement_mix_30,replacement_mix_30,corrupted,replacement_mix_30,0.3,small_factcheck_v1,"The claim that 'Bebelușii din Turcia s-au născut cu deformări din cauza vaccinurilor Covid-19' is not supported by the provided evidence. The evidence documents discuss hemograma, eritrocite, anemie, eritrocitoza, and other topics related to blood tests and hematological conditions, but there is no mention of vaccines or Covid-19. The evidence does not provide any information that would support the claim about the birth defects of Turkish babies due to Covid-19 vaccines.",,,1,['llama70B'],25.0,25.0,5.0,5.0,5.0,5.0,5.0
837,Bebelușii din Turcia s-au născut cu deformări din cauza vaccinurilor Covid-19.,ro,2021-10-08,Refuted,Refuted,True,,meta-llama/llama-3.1-8b-instruct,,meta-llama/llama-3.1-8b-instruct,['meta-llama/llama-3.1-8b-instruct'],replacement_mix_50,replacement_mix_50,corrupted,replacement_mix_50,0.5,small_factcheck_v1,"The claim that 'Bebelușii din Turcia s-au născut cu deformări din cauza vaccinurilor Covid-19' is refuted by the evidence provided. There is no mention of vaccination or Covid-19 in the provided documents, which discuss various topics such as linguistics, medical tests, and animal care. The documents do mention the importance of avoiding stress during blood sampling and the potential effects of dehydration and hyperhydration on blood test results, but these are unrelated to the claim about vaccination causing deformities in Turkish puppies.",,,1,['llama70B'],25.0,25.0,5.0,5.0,5.0,5.0,5.0
837,Bebelușii din Turcia s-au născut cu deformări din cauza vaccinurilor Covid-19.,ro,2021-10-08,Refuted,Refuted,True,,meta-llama/llama-3.1-8b-instruct,,meta-llama/llama-3.1-8b-instruct,['meta-llama/llama-3.1-8b-instruct'],replacement_mix_70,replacement_mix_70,corrupted,replacement_mix_70,0.7,small_factcheck_v1,"The claim that 'Bebelușii din Turcia s-au născut cu deformări din cauza vaccinurilor Covid-19' is refuted by the evidence provided. There is no mention of vaccination or Covid-19 in the given documents, and the content is unrelated to the claim. The documents appear to be a collection of unrelated information on various topics, including medical tests, historical events, and sports.",,,1,['llama70B'],25.0,25.0,5.0,5.0,5.0,5.0,5.0
