claim_id,claim_text,lang,claim_date,gold_label,predicted_label,is_correct,small_model_id,small_model_name,small_model_provider,model_key,model_aliases,condition,variant_name,condition_bucket,condition_key,corruption_severity,corruption_family,prompt_id,explanation,error_type,error_message,judge_count,judge_names,judge_overall_sum,avg_judge_overall,avg_political_bias,avg_sociocultural_bias,avg_linguistic_bias,avg_logic_of_reasoning,avg_evidence_usage
279,Madhya Pradesh CM Mohan Yadav announced that there will be action against private schools which dress their pupils up as Santa Claus for Christmas day.,en,2023-12-28,Refuted,Not_Enough_Evidence,False,,meta-llama/llama-3.1-8b-instruct,,meta-llama/llama-3.1-8b-instruct,['meta-llama/llama-3.1-8b-instruct'],gold,gold,gold,gold,0.0,gold,small_factcheck_v1,"The provided evidence document appears to be a list of female names, but it does not contain any information related to the claim about Madhya Pradesh CM Mohan Yadav announcing action against private schools dressing pupils as Santa Claus for Christmas day. There is no mention of Mohan Yadav, Madhya Pradesh, or any related policies or announcements in the provided evidence.",,,1,['deepseek/deepseek-r1'],25.0,25.0,5.0,5.0,5.0,5.0,5.0
280,The video shows a real incident of an aiport security personnel stealing from a passenger.,en,2023-12-27,Refuted,Supported,False,,meta-llama/llama-3.1-8b-instruct,,meta-llama/llama-3.1-8b-instruct,['meta-llama/llama-3.1-8b-instruct'],gold,gold,gold,gold,0.0,gold,small_factcheck_v1,"The evidence provided in both documents supports the claim that airport security personnel have been involved in stealing from passengers. Document 1 provides a specific example of a Spirit Airlines gate agent stealing from a passenger's bag, and Document 2 reports on two TSA agents accused of stealing from passengers at MIA's E checkpoint. Both documents also mention investigations and disciplinary actions taken by the airlines and TSA, further supporting the claim.",,,1,['deepseek/deepseek-r1'],21.0,21.0,5.0,5.0,5.0,3.0,3.0
280,The video shows a real incident of an aiport security personnel stealing from a passenger.,en,2023-12-27,Refuted,Supported,False,,meta-llama/llama-3.1-8b-instruct,,meta-llama/llama-3.1-8b-instruct,['meta-llama/llama-3.1-8b-instruct'],random_drop_20,random_drop_20,corrupted,random_drop_20,0.2,random,small_factcheck_v1,"The evidence provided supports the claim that airport security personnel have been involved in stealing from passengers. Evidence Document 1 shows a Spirit Airlines gate agent stealing from a passenger's bag, and Evidence Document 2 reports on two TSA agents accused of stealing from passengers at MIA's E checkpoint. Both incidents involve airport security personnel engaging in misconduct, including theft, and demonstrate a pattern of behavior that supports the claim.",,,1,['deepseek/deepseek-r1'],21.0,21.0,5.0,5.0,5.0,3.0,3.0
280,The video shows a real incident of an aiport security personnel stealing from a passenger.,en,2023-12-27,Refuted,Supported,False,,meta-llama/llama-3.1-8b-instruct,,meta-llama/llama-3.1-8b-instruct,['meta-llama/llama-3.1-8b-instruct'],random_drop_50,random_drop_50,corrupted,random_drop_50,0.5,random,small_factcheck_v1,"The evidence provided supports the claim that an airport security personnel stole from a passenger. Evidence Document 1 shows a Spirit Airlines gate agent stealing from a passenger's bag, and Evidence Document 2 shows TSA agents accused of stealing from passengers at MIA's E checkpoint, including removing $600 from a passenger's wallet. Both incidents involve airport security personnel taking items from passengers' belongings, which aligns with the claim.",,,1,['deepseek/deepseek-r1'],21.0,21.0,5.0,5.0,5.0,3.0,3.0
280,The video shows a real incident of an aiport security personnel stealing from a passenger.,en,2023-12-27,Refuted,Supported,False,,meta-llama/llama-3.1-8b-instruct,,meta-llama/llama-3.1-8b-instruct,['meta-llama/llama-3.1-8b-instruct'],targeted_drop_20,targeted_drop_20,corrupted,targeted_drop_20,0.2,targeted,small_factcheck_v1,"The evidence clearly supports the claim that the video shows a real incident of an airport security personnel stealing from a passenger. Evidence Document 1 provides a detailed account of the incident, including the security footage, which shows the employee dumping the passenger's belongings into a trash can and walking away. The passenger, Brooks, also confirms that the employee was stealing from him and that he has received a refund for his flight. While Evidence Document 2 discusses TSA agents accused of stealing from passengers, it does not directly relate to the specific incident shown in the video, and therefore does not contradict the claim.",,,1,['deepseek/deepseek-r1'],23.0,23.0,5.0,5.0,5.0,4.0,4.0
280,The video shows a real incident of an aiport security personnel stealing from a passenger.,en,2023-12-27,Refuted,Supported,False,,meta-llama/llama-3.1-8b-instruct,,meta-llama/llama-3.1-8b-instruct,['meta-llama/llama-3.1-8b-instruct'],targeted_drop_50,targeted_drop_50,corrupted,targeted_drop_50,0.5,targeted,small_factcheck_v1,"The evidence clearly supports the claim that the video shows a real incident of an airport security personnel stealing from a passenger. Evidence Document 1 provides a detailed account of the incident, including quotes from the passenger, Brooks, who describes the theft and the contents of his stolen bag. Additionally, Spirit Airlines' statement confirms that they are investigating the matter and have taken disciplinary action against the vendor's employees. This evidence directly supports the claim, making it clear that the incident is real and not fabricated.",,,1,['deepseek/deepseek-r1'],19.0,19.0,5.0,5.0,5.0,2.0,2.0
281,Qatar has banned McDonalds in the country and a McDonald's outlet was demolished.,en,2023-12-29,Refuted,Not_Enough_Evidence,False,,meta-llama/llama-3.1-8b-instruct,,meta-llama/llama-3.1-8b-instruct,['meta-llama/llama-3.1-8b-instruct'],gold,gold,gold,gold,0.0,gold,small_factcheck_v1,"The evidence provided does not mention Qatar or the demolition of a McDonald's outlet in Qatar. It discusses McDonald's business strategy, protests, and shareholder meeting in the US, but does not provide any information about Qatar or the claim in question.",,,1,['deepseek/deepseek-r1'],25.0,25.0,5.0,5.0,5.0,5.0,5.0
281,Qatar has banned McDonalds in the country and a McDonald's outlet was demolished.,en,2023-12-29,Refuted,Not_Enough_Evidence,False,,meta-llama/llama-3.1-8b-instruct,,meta-llama/llama-3.1-8b-instruct,['meta-llama/llama-3.1-8b-instruct'],random_drop_20,random_drop_20,corrupted,random_drop_20,0.2,random,small_factcheck_v1,"The evidence provided does not mention anything about Qatar banning McDonald's or a McDonald's outlet being demolished. The article discusses protests and shareholder meetings in the United States, specifically in Illinois and California, and mentions McDonald's business strategy and labor disputes in the US, but does not provide any information about Qatar or the Middle East.",,,1,['deepseek/deepseek-r1'],25.0,25.0,5.0,5.0,5.0,5.0,5.0
281,Qatar has banned McDonalds in the country and a McDonald's outlet was demolished.,en,2023-12-29,Refuted,Not_Enough_Evidence,False,,meta-llama/llama-3.1-8b-instruct,,meta-llama/llama-3.1-8b-instruct,['meta-llama/llama-3.1-8b-instruct'],random_drop_50,random_drop_50,corrupted,random_drop_50,0.5,random,small_factcheck_v1,"The evidence provided does not mention anything about Qatar banning McDonald's or a McDonald's outlet being demolished. The article discusses protests and labor issues in the United States, specifically in Chicago and Los Angeles, and does not provide any information about Qatar or McDonald's presence in the country.",,,1,['deepseek/deepseek-r1'],25.0,25.0,5.0,5.0,5.0,5.0,5.0
281,Qatar has banned McDonalds in the country and a McDonald's outlet was demolished.,en,2023-12-29,Refuted,Not_Enough_Evidence,False,,meta-llama/llama-3.1-8b-instruct,,meta-llama/llama-3.1-8b-instruct,['meta-llama/llama-3.1-8b-instruct'],targeted_drop_20,targeted_drop_20,corrupted,targeted_drop_20,0.2,targeted,small_factcheck_v1,"The evidence provided does not mention anything about Qatar banning McDonald's or a McDonald's outlet being demolished. The article discusses a shareholder meeting at McDonald's corporate headquarters in Illinois, USA, and protests by fast food workers demanding higher wages. There is no mention of Qatar or any McDonald's outlet being closed or demolished in the country.",,,1,['deepseek/deepseek-r1'],25.0,25.0,5.0,5.0,5.0,5.0,5.0
281,Qatar has banned McDonalds in the country and a McDonald's outlet was demolished.,en,2023-12-29,Refuted,Not_Enough_Evidence,False,,meta-llama/llama-3.1-8b-instruct,,meta-llama/llama-3.1-8b-instruct,['meta-llama/llama-3.1-8b-instruct'],targeted_drop_50,targeted_drop_50,corrupted,targeted_drop_50,0.5,targeted,small_factcheck_v1,"There is no mention of Qatar or McDonald's in the provided evidence document. The article discusses a shareholder meeting of McDonald's in Illinois, USA, and protests related to wage increases in the US, but does not provide any information about Qatar or the claim that Qatar has banned McDonald's and demolished a McDonald's outlet.",,,1,['deepseek/deepseek-r1'],25.0,25.0,5.0,5.0,5.0,5.0,5.0
282,purports to show Joe Biden threatening 'violence and chaos' to control Trump supporters,en,2023-12-02,Refuted,Refuted,True,,meta-llama/llama-3.1-8b-instruct,,meta-llama/llama-3.1-8b-instruct,['meta-llama/llama-3.1-8b-instruct'],gold,gold,gold,gold,0.0,gold,small_factcheck_v1,"The evidence provided in the two documents does not support the claim that Joe Biden threatened 'violence and chaos' to control Trump supporters. In fact, the evidence suggests the opposite: Biden condemned the violence and chaos that occurred on January 6, 2021, at the US Capitol, and called on Trump to direct his supporters to end the 'unprecedented assault' on democracy. Biden's speech in 2022 also emphasizes the threat to democracy posed by Trump and his followers, but it does not contain any language that could be interpreted as a threat of violence or chaos. Therefore, the claim is refuted by the evidence.",,,1,['deepseek/deepseek-r1'],25.0,25.0,5.0,5.0,5.0,5.0,5.0
282,purports to show Joe Biden threatening 'violence and chaos' to control Trump supporters,en,2023-12-02,Refuted,Not_Enough_Evidence,False,,meta-llama/llama-3.1-8b-instruct,,meta-llama/llama-3.1-8b-instruct,['meta-llama/llama-3.1-8b-instruct'],random_drop_20,random_drop_20,corrupted,random_drop_20,0.2,random,small_factcheck_v1,"The evidence provided does not contain any statements or quotes from Joe Biden threatening 'violence and chaos' to control Trump supporters. The evidence documents discuss Biden's response to the January 6, 2021, Capitol riot and his later speech in 2022 about the threat to democracy, but do not provide any evidence of Biden making such a threat.",,,1,['deepseek/deepseek-r1'],25.0,25.0,5.0,5.0,5.0,5.0,5.0
282,purports to show Joe Biden threatening 'violence and chaos' to control Trump supporters,en,2023-12-02,Refuted,Not_Enough_Evidence,False,,meta-llama/llama-3.1-8b-instruct,,meta-llama/llama-3.1-8b-instruct,['meta-llama/llama-3.1-8b-instruct'],random_drop_50,random_drop_50,corrupted,random_drop_50,0.5,random,small_factcheck_v1,"The evidence provided does not contain any statements or quotes from Joe Biden threatening 'violence and chaos' to control Trump supporters. The first document discusses the events surrounding the certification of Joe Biden's victory and Trump's response, but it does not contain any quotes from Biden making such a threat. The second document is a speech by Biden where he discusses the threat to democracy and the need to address it, but it does not contain any language that could be interpreted as threatening violence or chaos to control Trump supporters. Therefore, there is not enough evidence to support the claim.",,,1,['deepseek/deepseek-r1'],25.0,25.0,5.0,5.0,5.0,5.0,5.0
282,purports to show Joe Biden threatening 'violence and chaos' to control Trump supporters,en,2023-12-02,Refuted,Not_Enough_Evidence,False,,meta-llama/llama-3.1-8b-instruct,,meta-llama/llama-3.1-8b-instruct,['meta-llama/llama-3.1-8b-instruct'],targeted_drop_20,targeted_drop_20,corrupted,targeted_drop_20,0.2,targeted,small_factcheck_v1,"The evidence provided does not contain any information that suggests Joe Biden threatened 'violence and chaos' to control Trump supporters. The evidence documents discuss the events surrounding the certification of Joe Biden's presidential victory, Trump's reaction to the outcome, and Biden's later speech about the state of democracy, but there is no mention of Biden making any threatening statements. Therefore, there is not enough evidence to support or refute the claim.",,,1,['deepseek/deepseek-r1'],25.0,25.0,5.0,5.0,5.0,5.0,5.0
282,purports to show Joe Biden threatening 'violence and chaos' to control Trump supporters,en,2023-12-02,Refuted,Not_Enough_Evidence,False,,meta-llama/llama-3.1-8b-instruct,,meta-llama/llama-3.1-8b-instruct,['meta-llama/llama-3.1-8b-instruct'],targeted_drop_50,targeted_drop_50,corrupted,targeted_drop_50,0.5,targeted,small_factcheck_v1,The evidence provided does not mention Joe Biden threatening 'violence and chaos' to control Trump supporters. The claim appears to be a fabrication with no basis in the provided evidence.,,,1,['deepseek/deepseek-r1'],25.0,25.0,5.0,5.0,5.0,5.0,5.0
283,A video shared on Facebook claims to show a Houthi attack on a commercial vessel in 2023.,en,2023-12-15,Refuted,Supported,False,,meta-llama/llama-3.1-8b-instruct,,meta-llama/llama-3.1-8b-instruct,['meta-llama/llama-3.1-8b-instruct'],gold,gold,gold,gold,0.0,gold,small_factcheck_v1,"The evidence supports the claim that a Houthi attack on a commercial vessel in 2023 occurred. Specifically, Evidence Document 1 states that 'Three commercial vessels came under attack in international waters in the southern Red Sea, the US military said on Sunday, as Yemen's Houthi group claimed drone and missile attacks on two Israeli vessels in the area.' Additionally, Evidence Document 2 reports on the Houthi seizure of the Galaxy Leader, a cargo ship, and states that the group claimed it was owned by Israel. The evidence also mentions other incidents of Houthi attacks on commercial vessels in the Red Sea, including the attack on the Unity Explorer and Number 9, and the attempted hijacking of the Central Park. These reports collectively support the claim that a Houthi attack on a commercial vessel in 2023 occurred.",,,1,['deepseek/deepseek-r1'],23.0,23.0,5.0,5.0,5.0,4.0,4.0
283,A video shared on Facebook claims to show a Houthi attack on a commercial vessel in 2023.,en,2023-12-15,Refuted,Supported,False,,meta-llama/llama-3.1-8b-instruct,,meta-llama/llama-3.1-8b-instruct,['meta-llama/llama-3.1-8b-instruct'],random_drop_20,random_drop_20,corrupted,random_drop_20,0.2,random,small_factcheck_v1,"The evidence supports the claim that a Houthi attack on a commercial vessel in 2023 occurred. Evidence Document 1 states that the Houthi group claimed to have attacked two commercial vessels, Unity Explorer and Number 9, with an armed drone and a naval missile. Additionally, Evidence Document 2 provides a video showing Houthi gunmen seizing the Galaxy Leader, a British-owned and Japanese-operated cargo ship, after landing a helicopter on deck, and the group claimed it was owned by Israel. The Houthi group also stated that they will continue to target ships with links to Israel until it ends its campaign in Gaza.",,,1,['deepseek/deepseek-r1'],23.0,23.0,5.0,5.0,5.0,4.0,4.0
283,A video shared on Facebook claims to show a Houthi attack on a commercial vessel in 2023.,en,2023-12-15,Refuted,Conflicting_Evidence,False,,meta-llama/llama-3.1-8b-instruct,,meta-llama/llama-3.1-8b-instruct,['meta-llama/llama-3.1-8b-instruct'],random_drop_50,random_drop_50,corrupted,random_drop_50,0.5,random,small_factcheck_v1,"The evidence suggests that the Houthi movement has indeed attacked commercial vessels in the Red Sea, but the claim that the attack was on a commercial vessel in 2023 is partially supported and partially contradicted. Evidence Document 1 mentions an attack on two ships, Unity Explorer and Number 9, but does not specify the year. However, it does mention that the Houthi movement has stepped up its targeting of commercial vessels in the Red Sea in recent months. Evidence Document 2, on the other hand, reports on a hijacking of a ship, Galaxy Leader, which is affiliated with an Israeli billionaire, but the year is not specified. The Houthi movement is mentioned as the perpetrator of the hijacking, but the article does not confirm that the attack was in 2023. Therefore, the claim is Conflicting_Evidence as it is partially supported and partially contradicted by the evidence.",,,1,['deepseek/deepseek-r1'],23.0,23.0,5.0,5.0,5.0,4.0,4.0
283,A video shared on Facebook claims to show a Houthi attack on a commercial vessel in 2023.,en,2023-12-15,Refuted,Supported,False,,meta-llama/llama-3.1-8b-instruct,,meta-llama/llama-3.1-8b-instruct,['meta-llama/llama-3.1-8b-instruct'],targeted_drop_20,targeted_drop_20,corrupted,targeted_drop_20,0.2,targeted,small_factcheck_v1,"The evidence supports the claim that a Houthi attack on a commercial vessel in 2023 occurred. Evidence Document 1 mentions that the Houthi group has stepped up its targeting of commercial vessels sailing in the Red Sea, and that a US warship, the USS Carney, shot down two drones as it helped the commercial vessels. Additionally, Evidence Document 2 reports on a Houthi attack on a cargo ship, where the group's chief negotiator and spokesman, Mohammed Abdul-Salam, stated that the detention of the Israeli ship is a practical step that proves the seriousness of the Yemeni armed forces in waging the sea battle.",,,1,['deepseek/deepseek-r1'],23.0,23.0,5.0,5.0,5.0,4.0,4.0
283,A video shared on Facebook claims to show a Houthi attack on a commercial vessel in 2023.,en,2023-12-15,Refuted,Not_Enough_Evidence,False,,meta-llama/llama-3.1-8b-instruct,,meta-llama/llama-3.1-8b-instruct,['meta-llama/llama-3.1-8b-instruct'],targeted_drop_50,targeted_drop_50,corrupted,targeted_drop_50,0.5,targeted,small_factcheck_v1,"The evidence provided does not mention a Houthi attack on a commercial vessel in 2023, nor does it mention a video shared on Facebook claiming such an attack. Instead, it reports on a US warship being attacked by drones from Yemen, and a cargo ship being seized by the Houthis in the Red Sea. The evidence does not provide enough information to evaluate the claim about the video shared on Facebook.",,,1,['deepseek/deepseek-r1'],25.0,25.0,5.0,5.0,5.0,5.0,5.0
1,"Ein Foto zeige fast nur Frauen mit Kopftuch in einer Bahn in Malmö, Schweden.",de,2024-03-10,Conflicting_Evidence,Conflicting_Evidence,True,,meta-llama/llama-3.1-8b-instruct,,meta-llama/llama-3.1-8b-instruct,['meta-llama/llama-3.1-8b-instruct'],gold,gold,gold,gold,0.0,gold,small_factcheck_v1,"The evidence provides both supporting and contradicting statements for the claim. On one hand, the author of Evidence Document 1 shares a personal experience of being harassed by two young men in a train in Malmö, Sweden, and mentions that she has seen similar behavior in other women, including a friend who was harassed in Paris. This suggests that there may be a problem with harassment of women by men from certain cultural backgrounds. On the other hand, Evidence Document 2 presents a more nuanced view of the relationship between Islam and European society, arguing that the majority of Muslims in Europe are ordinary people who want to live a normal life and that the media often focuses on the most extreme aspects of Islam. The author also suggests that the problem of harassment is not unique to Muslim men and that it is a broader societal issue. Furthermore, Nilüfer Göle's interview in Evidence Document 2 highlights the importance of dialogue and understanding between different cultural groups and argues that the problem of harassment can only be solved through a process of interaction and mutual understanding. Overall, the evidence presents a complex and multifaceted view of the issue, making it difficult to support or refute the claim with certainty.",,,1,['deepseek/deepseek-r1'],16.0,16.0,4.0,3.0,5.0,2.0,2.0
1,"Ein Foto zeige fast nur Frauen mit Kopftuch in einer Bahn in Malmö, Schweden.",de,2024-03-10,Conflicting_Evidence,Conflicting_Evidence,True,,meta-llama/llama-3.1-8b-instruct,,meta-llama/llama-3.1-8b-instruct,['meta-llama/llama-3.1-8b-instruct'],random_drop_20,random_drop_20,corrupted,random_drop_20,0.2,random,small_factcheck_v1,"The evidence provides both supporting and contradicting statements regarding the claim that a photo shows almost only women with headscarves in a train in Malmö, Sweden. The claim is supported by the fact that the author of the first evidence document mentions being harassed by two young men in a train in Malmö, who were speaking Arabic and had a darker skin tone, which could be interpreted as implying that the area is predominantly Muslim. However, the second evidence document by Nilüfer Göle suggests that the media often portray a skewed image of Muslims, and that the majority of Muslims in Europe lead normal lives and want to engage with society. Göle also emphasizes the importance of listening to and understanding the perspectives of Muslims, rather than making assumptions or stereotypes. Therefore, the evidence is conflicting and does not provide a clear verdict.",,,1,['deepseek/deepseek-r1'],18.0,18.0,4.0,3.0,5.0,3.0,3.0
1,"Ein Foto zeige fast nur Frauen mit Kopftuch in einer Bahn in Malmö, Schweden.",de,2024-03-10,Conflicting_Evidence,Conflicting_Evidence,True,,meta-llama/llama-3.1-8b-instruct,,meta-llama/llama-3.1-8b-instruct,['meta-llama/llama-3.1-8b-instruct'],random_drop_50,random_drop_50,corrupted,random_drop_50,0.5,random,small_factcheck_v1,"The evidence provides both supporting and contradicting statements for the claim. On one hand, the first evidence document describes experiences of sexual harassment and assault by men from the Maghreb region, which could be interpreted as supporting the claim that women in Sweden are often harassed by men wearing headscarves. On the other hand, the second evidence document presents a more nuanced view of Muslims in Europe, highlighting the diversity of Muslim experiences and the importance of dialogue and intercultural understanding. The author of the second document argues that the media often portrays a simplistic and negative image of Muslims, and that most Muslims lead ordinary lives and want to integrate into European society. This suggests that the claim may be an oversimplification or exaggeration, and that the reality is more complex and multifaceted.",,,1,['deepseek/deepseek-r1'],20.0,20.0,5.0,4.0,5.0,3.0,3.0
1,"Ein Foto zeige fast nur Frauen mit Kopftuch in einer Bahn in Malmö, Schweden.",de,2024-03-10,Conflicting_Evidence,Not_Enough_Evidence,False,,meta-llama/llama-3.1-8b-instruct,,meta-llama/llama-3.1-8b-instruct,['meta-llama/llama-3.1-8b-instruct'],targeted_drop_20,targeted_drop_20,corrupted,targeted_drop_20,0.2,targeted,small_factcheck_v1,"The evidence provided does not directly address the claim that 'Ein Foto zeige fast nur Frauen mit Kopftuch in einer Bahn in Malmö, Schweden.' The claim appears to be about the prevalence of women wearing headscarves in a train in Malmö, Sweden, but the evidence documents discuss topics such as sexualized violence, integration, and the representation of Muslims in European society. There is no direct connection between the claim and the evidence provided.",,,1,['deepseek/deepseek-r1'],25.0,25.0,5.0,5.0,5.0,5.0,5.0
1,"Ein Foto zeige fast nur Frauen mit Kopftuch in einer Bahn in Malmö, Schweden.",de,2024-03-10,Conflicting_Evidence,Conflicting_Evidence,True,,meta-llama/llama-3.1-8b-instruct,,meta-llama/llama-3.1-8b-instruct,['meta-llama/llama-3.1-8b-instruct'],targeted_drop_50,targeted_drop_50,corrupted,targeted_drop_50,0.5,targeted,small_factcheck_v1,"The claim 'Ein Foto zeige fast nur Frauen mit Kopftuch in einer Bahn in Malmö, Schweden' is not directly supported or refuted by the evidence. Evidence Document 1 describes a personal experience of the author, who was a victim of sexual assault by a professor, and how she later became involved in helping refugees. There is no mention of a photo or a scene in a train in Malmö, Sweden. Evidence Document 2 discusses the importance of dialogue and intercultural understanding in addressing conflicts between different cultural and religious groups, but does not provide any evidence related to the claim. Therefore, the verdict is Conflicting_Evidence, as the evidence does not provide enough information to evaluate the claim.",,,1,['deepseek/deepseek-r1'],25.0,25.0,5.0,5.0,5.0,5.0,5.0
2,"Dieses Video beweist, dass Demonstranten für Demos bezahlt werden",de,2024-01-22,Conflicting_Evidence,Not_Enough_Evidence,False,,meta-llama/llama-3.1-8b-instruct,,meta-llama/llama-3.1-8b-instruct,['meta-llama/llama-3.1-8b-instruct'],gold,gold,gold,gold,0.0,gold,small_factcheck_v1,"The evidence provided does not directly address the claim that 'Dieses Video beweist, dass Demonstranten für Demos bezahlt werden' (This video proves that demonstrators are paid for demos). The first evidence document discusses the concept of Zivilgesellschaft (civil society) and its relationship to political movements, but does not provide any evidence related to the claim. The second evidence document is about a court ruling regarding police video surveillance at demonstrations, which is unrelated to the claim. Therefore, there is not enough evidence to evaluate the claim.",,,1,['deepseek/deepseek-r1'],25.0,25.0,5.0,5.0,5.0,5.0,5.0
2,"Dieses Video beweist, dass Demonstranten für Demos bezahlt werden",de,2024-01-22,Conflicting_Evidence,Not_Enough_Evidence,False,,meta-llama/llama-3.1-8b-instruct,,meta-llama/llama-3.1-8b-instruct,['meta-llama/llama-3.1-8b-instruct'],random_drop_20,random_drop_20,corrupted,random_drop_20,0.2,random,small_factcheck_v1,"The evidence provided does not directly address the claim that demonstrators are paid for demos. Evidence Document 1 discusses the concept of Zivilgesellschaft and its application to various social movements, but does not provide any information about payment for demonstrations. Evidence Document 2 is about a court case regarding police video surveillance during demonstrations, which is unrelated to the claim. Therefore, there is not enough evidence to support or refute the claim.",,,1,['deepseek/deepseek-r1'],25.0,25.0,5.0,5.0,5.0,5.0,5.0
2,"Dieses Video beweist, dass Demonstranten für Demos bezahlt werden",de,2024-01-22,Conflicting_Evidence,Refuted,False,,meta-llama/llama-3.1-8b-instruct,,meta-llama/llama-3.1-8b-instruct,['meta-llama/llama-3.1-8b-instruct'],random_drop_50,random_drop_50,corrupted,random_drop_50,0.5,random,small_factcheck_v1,"The evidence provided does not support the claim that demonstrators are paid for demos. Evidence Document 1 discusses the concept of 'Zivilgesellschaft' and how it relates to social movements, but does not mention payment for demonstrations. Evidence Document 2 is about a court ruling that prohibits police from filming peaceful demonstrations, but it does not provide any information about payment for demonstrations. Therefore, the claim is refuted by the lack of evidence supporting it.",,,1,['deepseek/deepseek-r1'],25.0,25.0,5.0,5.0,5.0,5.0,5.0
2,"Dieses Video beweist, dass Demonstranten für Demos bezahlt werden",de,2024-01-22,Conflicting_Evidence,Not_Enough_Evidence,False,,meta-llama/llama-3.1-8b-instruct,,meta-llama/llama-3.1-8b-instruct,['meta-llama/llama-3.1-8b-instruct'],targeted_drop_20,targeted_drop_20,corrupted,targeted_drop_20,0.2,targeted,small_factcheck_v1,"The evidence provided does not directly address the claim that 'Dieses Video beweist, dass Demonstranten für Demos bezahlt werden' (This video proves that demonstrators are paid for demos). The claim is related to the topic of demonstrations and the involvement of paid individuals, but the provided evidence discusses the concept of Zivilgesellschaft (civil society), the definition of Zivilgesellschaft, and a court decision regarding video surveillance at a demonstration. There is no direct evidence to support or refute the claim.",,,1,['deepseek/deepseek-r1'],25.0,25.0,5.0,5.0,5.0,5.0,5.0
2,"Dieses Video beweist, dass Demonstranten für Demos bezahlt werden",de,2024-01-22,Conflicting_Evidence,Not_Enough_Evidence,False,,meta-llama/llama-3.1-8b-instruct,,meta-llama/llama-3.1-8b-instruct,['meta-llama/llama-3.1-8b-instruct'],targeted_drop_50,targeted_drop_50,corrupted,targeted_drop_50,0.5,targeted,small_factcheck_v1,"The evidence provided does not directly address the claim that 'Dieses Video beweist, dass Demonstranten für Demos bezahlt werden' (This video proves that demonstrators are paid for demos). The claim appears to be about the payment of demonstrators, but the provided evidence discusses the concept of Zivilgesellschaft (civil society), the filming of demonstrations by the police, and the related court case. There is no direct connection between the claim and the evidence.",,,1,['deepseek/deepseek-r1'],25.0,25.0,5.0,5.0,5.0,5.0,5.0
3,"Das Bild einer Demonstration gegen Rechtsextremismus in Deutschland sei gefälscht worden, damit die Menge der Demonstrierenden größer wirke.",de,2024-01-29,Refuted,Refuted,True,,meta-llama/llama-3.1-8b-instruct,,meta-llama/llama-3.1-8b-instruct,['meta-llama/llama-3.1-8b-instruct'],gold,gold,gold,gold,0.0,gold,small_factcheck_v1,"The evidence document states that 'Es ist gut, dass Deutschland auf die Straßen geht' (It's good that Germany is taking to the streets) and that 'Das Engagement von Hunderttausenden Menschen, die sich seit Tagen auf Demonstrationen begeben, um ein Zeichen gegen rechtsextremes Gedankengut in der Gesellschaft zu setzen, ist beachtlich' (The engagement of hundreds of thousands of people who have been demonstrating for days to set a sign against extremist thinking in society is commendable). This suggests that the demonstrations are genuine and not faked, which contradicts the claim that the image of a demonstration against right-wing extremism in Germany was faked to make the number of demonstrators appear larger.",,,1,['deepseek/deepseek-r1'],20.0,20.0,5.0,5.0,5.0,3.0,2.0
3,"Das Bild einer Demonstration gegen Rechtsextremismus in Deutschland sei gefälscht worden, damit die Menge der Demonstrierenden größer wirke.",de,2024-01-29,Refuted,Not_Enough_Evidence,False,,meta-llama/llama-3.1-8b-instruct,,meta-llama/llama-3.1-8b-instruct,['meta-llama/llama-3.1-8b-instruct'],random_drop_20,random_drop_20,corrupted,random_drop_20,0.2,random,small_factcheck_v1,"The evidence document discusses the engagement of people in demonstrations against right-wing extremism in Germany, but it does not provide any information about the claim that a picture of a demonstration against right-wing extremism in Germany was falsified to make the number of demonstrators appear larger. The document focuses on the significance and impact of the demonstrations, but does not address the claim directly.",,,1,['deepseek/deepseek-r1'],25.0,25.0,5.0,5.0,5.0,5.0,5.0
3,"Das Bild einer Demonstration gegen Rechtsextremismus in Deutschland sei gefälscht worden, damit die Menge der Demonstrierenden größer wirke.",de,2024-01-29,Refuted,Not_Enough_Evidence,False,,meta-llama/llama-3.1-8b-instruct,,meta-llama/llama-3.1-8b-instruct,['meta-llama/llama-3.1-8b-instruct'],random_drop_50,random_drop_50,corrupted,random_drop_50,0.5,random,small_factcheck_v1,The evidence document does not mention anything about a demonstration being staged or faked to make it appear larger. It discusses the potential impact of demonstrations on people who feel threatened by right-wing extremist groups and the possibility of building bridges between these groups and society through participation in mass movements.,,,1,['deepseek/deepseek-r1'],25.0,25.0,5.0,5.0,5.0,5.0,5.0
3,"Das Bild einer Demonstration gegen Rechtsextremismus in Deutschland sei gefälscht worden, damit die Menge der Demonstrierenden größer wirke.",de,2024-01-29,Refuted,Not_Enough_Evidence,False,,meta-llama/llama-3.1-8b-instruct,,meta-llama/llama-3.1-8b-instruct,['meta-llama/llama-3.1-8b-instruct'],targeted_drop_20,targeted_drop_20,corrupted,targeted_drop_20,0.2,targeted,small_factcheck_v1,"The evidence document does not mention anything about a demonstration being faked or manipulated to make it appear larger. It only discusses the positive aspects of the demonstrations and their impact on society, without providing any information that would support or refute the claim.",,,1,['deepseek/deepseek-r1'],25.0,25.0,5.0,5.0,5.0,5.0,5.0
3,"Das Bild einer Demonstration gegen Rechtsextremismus in Deutschland sei gefälscht worden, damit die Menge der Demonstrierenden größer wirke.",de,2024-01-29,Refuted,Not_Enough_Evidence,False,,meta-llama/llama-3.1-8b-instruct,,meta-llama/llama-3.1-8b-instruct,['meta-llama/llama-3.1-8b-instruct'],targeted_drop_50,targeted_drop_50,corrupted,targeted_drop_50,0.5,targeted,small_factcheck_v1,"The evidence provided does not mention anything about a demonstration against right-wing extremism in Germany being faked to make the number of protesters appear larger. The text only discusses the positive aspects of people participating in demonstrations and the potential benefits of mass movements, but does not address the claim in question.",,,1,['deepseek/deepseek-r1'],25.0,25.0,5.0,5.0,5.0,5.0,5.0
4,Frankreich hat wegen der Bauernproteste den Notstand ausgerufen.,de,2024-01-27,Refuted,Refuted,True,,meta-llama/llama-3.1-8b-instruct,,meta-llama/llama-3.1-8b-instruct,['meta-llama/llama-3.1-8b-instruct'],gold,gold,gold,gold,0.0,gold,small_factcheck_v1,"The evidence provided does not support the claim that France declared a state of emergency due to farmer protests. Instead, the evidence suggests that France is experiencing a severe heatwave, with temperatures reaching up to 40°C in some areas, and that the government has implemented measures to reduce traffic and prevent forest fires. The claim is refuted by the fact that the article mentions the heatwave and its consequences, but does not mention any farmer protests or a state of emergency being declared due to such protests.",,,1,['deepseek/deepseek-r1'],25.0,25.0,5.0,5.0,5.0,5.0,5.0
4,Frankreich hat wegen der Bauernproteste den Notstand ausgerufen.,de,2024-01-27,Refuted,Not_Enough_Evidence,False,,meta-llama/llama-3.1-8b-instruct,,meta-llama/llama-3.1-8b-instruct,['meta-llama/llama-3.1-8b-instruct'],random_drop_20,random_drop_20,corrupted,random_drop_20,0.2,random,small_factcheck_v1,!!!!!!!!!!!!!!!!!!!!!!!!!!!!!!!!!!!!!!!!!!!!!!!!!!!!!!!!!!!!!!!!!!!!!!!!!!!!!!!!!!!!!!!!!!!!!!!!!!!!!!!!!!!!!!!!!!!!!!!!!!!!!!!!!!!!!!!!!!!!!!!!!!!!!!!!!!!!!!!!!!!!!!!!!!!!!!!!!!!!!!!!!!!!!!!!!!!!!!!!!!!!!!!!!!!!!!!!!!!!!!!!!!!!!!!!!!!!!!!!!!!!!!!!!!!!!!!!!!!!!!!!!!!!!!!!!!!!!!!!!!!!!!!!!!!!!!!!!!!!!!!!!!!!!!!!!!!!!!!!!!!!!!!!!!!!!!!!!!!!!!!!!!!!!!!!!!!!!!!!!!!!!!!!!!!!!!!!!!!!!!!!!!!!!!!!!!!!!!!!!!!!!!!!!!!!!!!!!!!!!!!!!!!!!!!!!!!!!!!!!!!!!!!!!!!!!!!!!!!!!!!!!!!!!!!!!!!!!!!!!!!!!!!!!!!!!!!!!!!!!!!!!!!!!!!!!!!!!!!!!!!!!!!!!!!!!!!!!!!!!!!!!!!!!!!!!!!!!!!!!!!!!!!!!!!!!!!!!!!!!!!!!!!!!!!!!!!!!!!!!!!!!!!!!!!!!!!!!!!!!!!!!!!!!!!!!!!!!!!!!!!!!!!!!!!!!!!!!!!!!!!!!!!!!!!!!!!!!!!!!!!!!!!!!!!!!!!!!!!!!!!!!!!!!!!!!!!!!!!!!!!!!!!!!!!!!!!!!!!!!!!!!!!!!!!!!!!!!!!!!!!!!!!!!!!!!!!!!!!!!!!!!!!!!!!!!!!!!!!!!!!!!!!!!!!!!!!!!!!!!!!!!!!!!!!!!!!!!!!!!!!!!!!!!!!!!!!!!!!!!!!!!!!!!!!!!!!!!!!!!!!!!!!!!!!!!!!!!!!!!!!!!!!!!!!!!!!!!!!!!!!!!!!!!!!!!!!!!!!!!!!!!!!!!!!!!!!!!!!!!!!!!!!!!!!!!!!!!!!!!!!!!!!!!!!!!!!!!!!!!!!!!!!!!!!!!!!!!!!!!!!!!!!!!!!!!!!!!!!!!!!!!!!!!!!!!!!!!!!!!!!!!!!!!!!!!!!!!!!!!!!!!!!!!!!!!!!!!!!!!!!!!!!!!!!!!!!!!!!!!!!!!!!!!!!!!!!!!!!!!!!!!!!!!!!!!!!!!!!!!!!!!!!!!!!!!!!!!!!!!!!!!!!!!!!!!!!!!!!!!!!!!!!!!!!!!!!!!!!!!!!!!!!!!!!!!!!!!!!!!!!!!!!!!!!!!!!!!!!!!!!!!!!!!!!!!!!!!!!!!!!!!!!!!!!!!!!!!!!!!!!!!!!!!!!!!!!!!!!!!!!!!!!!!!!!!!!!!!!!!!!!!!!!!!!!!!!!!!!!!!!!!!!!!!!!!!!!!!!!!!!!!!!!!!!!!!!!!!!!!!!!!!!!!!!!!!!!!!!!!!!!!!!!!!!!!!!!!!!!!!!!!!!!!!!!!!!!!!!!!!!!!!!!!!!!!!!!!!!!!!!!!!!!!!!!!!!!!!!!!!!!!!!!!!!!!!!!!!!!!!!!!!!!!!!!!!!!!!!!!!!!!!!!!!!!!!!!!!!!!!!!!!!!!!!!!!!!!!!!!!!!!!!!!!!!!!!!!!!!!!!!!!!!!!!!!!!!!!!!!!!!!!!!!!!!!!!!!!!!!!!!!!!!!!!!!!!!!!!!!!!!!!!!!!!!!!!!!!!!!!!!!!!!!!!!!!!!!!!!!!!!!!!!!!!!!!!!!!!!!!!!!!!!!!!!!!!!!!!!!!!!!!!!!!!!!!!!!!!!!!!!!!!!!!!!!!!!!!!!!!!!!!!!!!!!!!!!!!!!!!!!!!!!!!!!!!!!!!!!!!!!!!!!!!!!!!!!!!!!!!!!!!!!!!!!!!!!!!!!!!!!!!!!!!!!!!!!!!!!!!!!!!!!!!!!!!!!!!!!!!!!!!!!!!!!!!!!!!!!!!!!!!!!!!!!!!!!!!!!!!!!!!!!!!!!!!!!!!!!!!!!!!!!!!!!!!!!!!!!!!!!!!!!!!!!!!!!!!!!!!!!!!!!!!!!!!!!!!!!!!!!!!!!!!!!!!!!!!!!!!!!!!!!!!!!!!!!!!!!!!!!!!!!!!!!!!!!!!!!!!!!!!!!!!!!!!!!!!!!!!!!!!!!!!!!!!!!!!!!!!!!!!!!!!!!!!!!!!!!!!!!!!!!!!!!!!!!!!!!!!!!!!!!!!!!!!!!!!!!!!!!!!!!!!!!!!!!!!!!!!!!!!!!!!!!!!!!!!!!!!!!!!!!!!!!!!!!!!!!!!!!!!!!!!!!!!!!!!!!!!!!!!!!!!!!!!!!!!!!!!!!!!!!!!!!!!!!!!!!!!!!!!!!!!!!!!!!!!!!!!!!!!!!!!!!!!!!!!!!!!!!!!!!!!!!!!!!!!!!!!!!!!!!!!!!!!!!!!!!!!!!!!!!!!!!!!!!!!!!!!!!!!!!!!!!!!!!!!!!!!!!!!!!!!!!!!!!!!!!!!!!!!!!!!!!!!!!!!!!!!!!!!!!!!!!!!!!!!!!!!!!!!!!!!!!!!!!!!!!!!!!!!!!!!!!!!!!!!!!!!!!!!!!!!!!!!!!!!!!!!!!!!!!!!!!!!!!!!!!!!!!!!!!!!!!!!!!!!!!!!!!!!!!!!!!!!!!!!!!!!!!!!!!!!!!!!!!!!!!!!!!!!!!!!!!!!!!!!!!!!!!!!!!!!!!!!!!!!!!!!!!!!!!!!!!!!!!!!!!!!!!!!!!!!!!!!!!!!!!!!!!!!!!!!!!!!!!!!!!!!!!!!!!!!!!!!!!!!!!!!!!!!!!!!!!!!!!!!!!!!!!!!!!!!!!!!!!!!!!!!!!!!!!!!!!!!!!!!!!!!!!!!!!!!!!!!!!!!!!!!!!!!!!!!!!!!!!!!!!!!!!!!!!!!!!!!!!!!!!!!!!!!!!!!!!!!!!!!!!!!!!!!!!!!!!!!!!!!!!!!!!!!!!!!!!!!!!!!!!!!!!!!!!!!!!!!!!!!!!!!!!!!!!!!!!!!!!!!!!!!!!!!!!!!!!!!!!!!!!!!!!!!!!!!!!!!!!!!!!!!!!!!!!!!!!!!!!!!!!!!!!!!!!!!!!!!!!!!!!!!!!!!!!!!!!!!!!!!!!!!!!!!!!!!!!!!!!!!!!!!!!!!!!!!!!!!!!!!!!!!!!!!!!!!!!!!!!!!!!!!!!!!!!!!!!!!!!!!!!!!!!!!!!!!!!!!!!!!!!!!!!!!!!!!!!!!!!!!!!!!!!!!!!!!!!!!!!!!!!!!!!!!!!!!!!!!!!!!!!!!!!!!!!!!!!!!!!!!!!!!!!!!!!!!!!!!!!!!!!!!!!!!!!!!!!!!!!!!!!!!!!!!!!!!!!!!!!!!!!!!!!!!!!!!!!!!!!!!!!!!!!!!!!!!!!!!!!!!!!!!!!!!!!!!!!!!!!!!!!!!!!!!!!!!!!!!!!!!!!!!!!!!!!!!!!!!!!!!!!!!!!!!!!!!!!!!!!!!!!!!!!!!!!!!!!!!!!!!!!!!!!!!!!!!!!!!!!!!!!!!!!!!!!!!!!!!!!!!!!!!!!!!!!!!!!!!!!!!!!!!!!!!!!!!!!!!!!!!!!!!!!!!!!!!!!!!!!!!!!!!!!!!!!!!!!!!!!!!!!!!!!!!!!!!!!!!!!!!!!!!!!!!!!!!!!!!!!!!!!!!!!!!!!!!!!!!!!!!!!!!!!!!!!!!!!!!!!!!!!!!!!!!!!!!!!!!!!!!!!!!!!!!!!!!!!!!!!!!!!!!!!!!!!!!!!!!!!!!!!!!!!!!!!!!!!!!!!!!!!!!!!!!!!!!!!!!!!!!!!!!!!!!!!!!!!!!!!!!!!!!!!!!!!!!!!!!!!!!!!!!!!!!!!!!!!!!!!!!!!!!!!!!!!!!!!!!!!!!!!!!!!!!!!!!!!!!!!!!!!!!!!!!!!!!!!!!!!!!!!!!!!!!!!!!!!!!!!!!!!!!!!!!!!!!!!!!!!!!!!!!!!!!!!!!!!!!!!!!!!!!!!!!!!!!!!!!!!!!!!!!!!!!!!!!!!!!!!!!!!!!!!!!!!!!!!!!!!!!!!!!!!!!!!!!!!!!!!!!!!!!!!!!!!!!!!!!!!!!!!!!!!!!!!!!!!!!!!!!!!!!!!!!!!!!!!!!!!!!!!!!!!!!!!!!!!!!!!!!!!!!!!!!!!!!!!!!!!!!!!!!!!!!!!!!!!!!!!!!!!!!!!!!!!!!!!!!!!!!!!!!!!!!!!!!!!!!!!!!!!!!!!!!!!!!!!!!!!!!!!!!!!!!!!!!!!!!!!!!!!!!!!!!!!!!!!!!!!!!!!!!!!!!!!!!!!!!!!!!!!!!!!!!!!!!!!!!!!!!!!!!!!!!!!!!!!!!!!!!!!!!!!!!!!!!!!!!!!!!!!!!!!!!!!!!!!!!!!!!!!!!!!!!!!!!!!!!!!!!!!!!!!!!!!!!!!!!!!!!!!!!!!!!!!!!!!!!!!!!!!!!!!!!!!!!!!!!!!!!!!!!!!!!!!!!!!!!!!!!!!!!!!!!!!!!!!!!!!!!!!!!!!!!!!!!!!!!!!!!!!!!!!!!!!!!!!!!!!!!!!!!!!!!!!!!!!!!!!!!!!!!!!!!!!!!!!!!!!!!!!!!!!!!!!!!!!!!!!!!!!!!!!!!!!!!!!!!!!!!!!!!!!!!!!!!!!!!!!!!!!!!!!!!!!!!!!!!!!!!!!!!!!!!!!!!!!!!!!!!!!!!!!!!!!!!!!!!!!!!!!!!!!!!!!!!!!!!!!!!!!!!!!!!!!!!!!!!!!!!!!!!!!!!!!!!!!!!!!!!!!!!!!!!!!!!!!!!!!!!!!!!!!!!!!!!!!!!!!!!!!!!!!!!!!!!!!!!!!!!!!!!!!!!!!!!!!!!!!!!!!!!!!!!!!!!!!!!!!!!!!!!!!!!!!!!!!!!!!!!!!!!!!!!!!!!!!!!!!!!!!!!!!!!!!!!!!!!!!!!!!!!!!!!!!!!!!!!!!!!!!!!!!!!!!!!!!!!!!!!!!!!!!!!!!!!!!!!!!!!!!!!!!!!!!!!!!!!!!!!!!!!!!!!!!!!!!!!!!!!!!!!!!!!!!!!!!!!!!!!!!!!!!!!!!!!!!!!!!!!!!,,,1,['deepseek/deepseek-r1'],22.0,22.0,5.0,5.0,5.0,3.0,4.0
4,Frankreich hat wegen der Bauernproteste den Notstand ausgerufen.,de,2024-01-27,Refuted,Not_Enough_Evidence,False,,meta-llama/llama-3.1-8b-instruct,,meta-llama/llama-3.1-8b-instruct,['meta-llama/llama-3.1-8b-instruct'],random_drop_50,random_drop_50,corrupted,random_drop_50,0.5,random,small_factcheck_v1,"The evidence provided does not mention anything about France declaring a state of emergency due to farmer protests. The articles discuss the heatwave and its effects on various countries, including France, but do not mention any protests or a state of emergency being declared.",,,1,['deepseek/deepseek-r1'],25.0,25.0,5.0,5.0,5.0,5.0,5.0
4,Frankreich hat wegen der Bauernproteste den Notstand ausgerufen.,de,2024-01-27,Refuted,Not_Enough_Evidence,False,,meta-llama/llama-3.1-8b-instruct,,meta-llama/llama-3.1-8b-instruct,['meta-llama/llama-3.1-8b-instruct'],targeted_drop_20,targeted_drop_20,corrupted,targeted_drop_20,0.2,targeted,small_factcheck_v1,"Die Beweise beziehen sich auf Hitze und Trockenheit in Europa, aber es gibt keine Informationen über Frankreich, die Bauernproteste oder den Notstand. Es gibt keine direkte Verbindung zwischen den Beweisen und dem Anspruch, dass Frankreich den Notstand wegen Bauernprotesten ausgerufen hat.",,,1,['deepseek/deepseek-r1'],25.0,25.0,5.0,5.0,5.0,5.0,5.0
4,Frankreich hat wegen der Bauernproteste den Notstand ausgerufen.,de,2024-01-27,Refuted,Not_Enough_Evidence,False,,meta-llama/llama-3.1-8b-instruct,,meta-llama/llama-3.1-8b-instruct,['meta-llama/llama-3.1-8b-instruct'],targeted_drop_50,targeted_drop_50,corrupted,targeted_drop_50,0.5,targeted,small_factcheck_v1,"The evidence provided does not mention anything about Frankreich (France) declaring a state of emergency due to farmer protests. The evidence is focused on the heatwave in Europe, particularly in the UK, Germany, Italy, and Greece, but does not provide any information about France or farmer protests.",,,1,['deepseek/deepseek-r1'],25.0,25.0,5.0,5.0,5.0,5.0,5.0
5,"Ein von „ZDF Heute“ verwendetes Bild der Demonstration gegen Rechtsextremismus in Hamburg vom 19. Januar 2024 sei manipuliert worden, um die Teilnehmerzahl höher erscheinen zu lassen. Das belege eine weitere Aufnahme, auf der weniger Menschen zu sehen seien.",de,2024-01-20,Refuted,Not_Enough_Evidence,False,,meta-llama/llama-3.1-8b-instruct,,meta-llama/llama-3.1-8b-instruct,['meta-llama/llama-3.1-8b-instruct'],gold,gold,gold,gold,0.0,gold,small_factcheck_v1,"The evidence provided does not contain any information about the claim that a photo used by ZDF Heute was manipulated to make the number of participants in a demonstration against right-wing extremism in Hamburg on January 19, 2024 appear higher. The evidence consists of two unrelated articles, one about a deal between Germany and China regarding a Hamburg port terminal and the other about a parliamentary vote on a bill regarding the circumcision of minors. Neither article mentions the claim or provides any evidence to support or refute it.",,,1,['deepseek/deepseek-r1'],25.0,25.0,5.0,5.0,5.0,5.0,5.0
5,"Ein von „ZDF Heute“ verwendetes Bild der Demonstration gegen Rechtsextremismus in Hamburg vom 19. Januar 2024 sei manipuliert worden, um die Teilnehmerzahl höher erscheinen zu lassen. Das belege eine weitere Aufnahme, auf der weniger Menschen zu sehen seien.",de,2024-01-20,Refuted,Not_Enough_Evidence,False,,meta-llama/llama-3.1-8b-instruct,,meta-llama/llama-3.1-8b-instruct,['meta-llama/llama-3.1-8b-instruct'],random_drop_20,random_drop_20,corrupted,random_drop_20,0.2,random,small_factcheck_v1,"The provided evidence documents do not contain any information about a manipulated image of a demonstration against right-wing extremism in Hamburg on January 19, 2024, or any claims about the number of participants. The documents appear to be unrelated to the claim, discussing a China deal in Hamburg, a briefing on China policy, and a politician's explanation for voting in favor of a law regulating circumcision. Therefore, there is not enough evidence to evaluate the claim.",,,1,['deepseek/deepseek-r1'],25.0,25.0,5.0,5.0,5.0,5.0,5.0
5,"Ein von „ZDF Heute“ verwendetes Bild der Demonstration gegen Rechtsextremismus in Hamburg vom 19. Januar 2024 sei manipuliert worden, um die Teilnehmerzahl höher erscheinen zu lassen. Das belege eine weitere Aufnahme, auf der weniger Menschen zu sehen seien.",de,2024-01-20,Refuted,Not_Enough_Evidence,False,,meta-llama/llama-3.1-8b-instruct,,meta-llama/llama-3.1-8b-instruct,['meta-llama/llama-3.1-8b-instruct'],random_drop_50,random_drop_50,corrupted,random_drop_50,0.5,random,small_factcheck_v1,"The evidence provided does not contain any information about the claim that a picture used by 'ZDF Heute' of a demonstration against right-wing extremism in Hamburg on January 19, 2024, was manipulated to make the number of participants appear higher. The claim is about a specific event and image, but the evidence documents discuss unrelated topics such as German-Chinese trade relations, a proposed deal in Hamburg, and a bill on economic policy. There is no mention of the demonstration or the image in question, making it impossible to evaluate the claim based on the provided evidence.",,,1,['deepseek/deepseek-r1'],25.0,25.0,5.0,5.0,5.0,5.0,5.0
5,"Ein von „ZDF Heute“ verwendetes Bild der Demonstration gegen Rechtsextremismus in Hamburg vom 19. Januar 2024 sei manipuliert worden, um die Teilnehmerzahl höher erscheinen zu lassen. Das belege eine weitere Aufnahme, auf der weniger Menschen zu sehen seien.",de,2024-01-20,Refuted,Not_Enough_Evidence,False,,meta-llama/llama-3.1-8b-instruct,,meta-llama/llama-3.1-8b-instruct,['meta-llama/llama-3.1-8b-instruct'],targeted_drop_20,targeted_drop_20,corrupted,targeted_drop_20,0.2,targeted,small_factcheck_v1,"The provided evidence documents do not contain any information related to the claim that a photo used by ZDF Heute of a demonstration against right-wing extremism in Hamburg on January 19, 2024, was manipulated to make the number of participants appear higher. The claim is unrelated to the content of the evidence documents, which discuss a China deal in Hamburg, a briefing on China, and a discussion on the regulation of circumcision of minors. Therefore, there is not enough evidence to evaluate the claim.",,,1,['deepseek/deepseek-r1'],25.0,25.0,5.0,5.0,5.0,5.0,5.0
5,"Ein von „ZDF Heute“ verwendetes Bild der Demonstration gegen Rechtsextremismus in Hamburg vom 19. Januar 2024 sei manipuliert worden, um die Teilnehmerzahl höher erscheinen zu lassen. Das belege eine weitere Aufnahme, auf der weniger Menschen zu sehen seien.",de,2024-01-20,Refuted,Not_Enough_Evidence,False,,meta-llama/llama-3.1-8b-instruct,,meta-llama/llama-3.1-8b-instruct,['meta-llama/llama-3.1-8b-instruct'],targeted_drop_50,targeted_drop_50,corrupted,targeted_drop_50,0.5,targeted,small_factcheck_v1,"The evidence provided does not contain any information about the claim that a photo used by ZDF Heute of a demonstration against right-wing extremism in Hamburg on January 19, 2024, was manipulated to make the number of participants appear higher. The claim is unrelated to the content of the evidence documents, which discuss a different topic, namely the German government's decision to allow a Chinese company to acquire a majority stake in a Hamburg port terminal, and the implications of this decision for Germany's economic and political relationship with China.",,,1,['deepseek/deepseek-r1'],25.0,25.0,5.0,5.0,5.0,5.0,5.0
143,Φωτογραφίες παρουσιάζουν ανήλικες σε μουσουλμανικές χώρες να είναι παντρεμένες ή έγκυες.,el,2020-03-03,Refuted,Supported,False,,meta-llama/llama-3.1-8b-instruct,,meta-llama/llama-3.1-8b-instruct,['meta-llama/llama-3.1-8b-instruct'],gold,gold,gold,gold,0.0,gold,small_factcheck_v1,"The evidence provided in the blog post by expaganus supports the claim that photographs show minors in Muslim countries being married or pregnant. The author presents a critical analysis of the life and teachings of Muhammad, highlighting instances where he condoned violence and broke his own rules, such as allowing raids during the sacred months and ordering the killing of two poets. The author also quotes from the Quran, which appears to contradict the idea of promoting love and charity. The evidence suggests that the claim is supported by the author's critique of Muhammad's actions and teachings.",,,1,['deepseek/deepseek-r1'],14.0,14.0,5.0,2.0,5.0,1.0,1.0
143,Φωτογραφίες παρουσιάζουν ανήλικες σε μουσουλμανικές χώρες να είναι παντρεμένες ή έγκυες.,el,2020-03-03,Refuted,Not_Enough_Evidence,False,,meta-llama/llama-3.1-8b-instruct,,meta-llama/llama-3.1-8b-instruct,['meta-llama/llama-3.1-8b-instruct'],random_drop_20,random_drop_20,corrupted,random_drop_20,0.2,random,small_factcheck_v1,"The evidence provided does not directly address the claim that 'Φωτογραφίες παρουσιάζουν ανήλικες σε μουσουλμανικές χώρες να είναι παντρεμένες ή έγκυες.' The text discusses the character of Muhammad, the founder of Islam, and his teachings, but does not provide any information about the claim in question. Therefore, it is not possible to determine whether the claim is supported or refuted based on the provided evidence.",,,1,['deepseek/deepseek-r1'],25.0,25.0,5.0,5.0,5.0,5.0,5.0
143,Φωτογραφίες παρουσιάζουν ανήλικες σε μουσουλμανικές χώρες να είναι παντρεμένες ή έγκυες.,el,2020-03-03,Refuted,Not_Enough_Evidence,False,,meta-llama/llama-3.1-8b-instruct,,meta-llama/llama-3.1-8b-instruct,['meta-llama/llama-3.1-8b-instruct'],random_drop_50,random_drop_50,corrupted,random_drop_50,0.5,random,small_factcheck_v1,"The provided evidence does not directly address the claim that photographs show minors in Muslim countries being married or pregnant. The text discusses the character of Muhammad and the teachings of Islam, but does not provide any evidence related to the claim. Therefore, there is not enough evidence to evaluate the claim.",,,1,['deepseek/deepseek-r1'],25.0,25.0,5.0,5.0,5.0,5.0,5.0
143,Φωτογραφίες παρουσιάζουν ανήλικες σε μουσουλμανικές χώρες να είναι παντρεμένες ή έγκυες.,el,2020-03-03,Refuted,Refuted,True,,meta-llama/llama-3.1-8b-instruct,,meta-llama/llama-3.1-8b-instruct,['meta-llama/llama-3.1-8b-instruct'],targeted_drop_20,targeted_drop_20,corrupted,targeted_drop_20,0.2,targeted,small_factcheck_v1,"The evidence provided in the blog post by Expaganus presents a critical view of the Prophet Muhammad and the early days of Islam, highlighting his violent actions and contradictions with his teachings. The post mentions that Muhammad ordered the killing of two poets who criticized Islam, attacked a caravan, and ordered the expulsion of Jews from Medina. It also quotes the Quran, but notes that some of its teachings are contradictory and borrowed from Jewish and Christian scriptures. The author concludes that if a similar figure like Muhammad were to emerge today, their actions would be considered sectarian and a threat to humanity. This evidence contradicts the claim that photographs show underage girls in Muslim countries being married or pregnant, as it presents a critical view of the Prophet Muhammad and the early days of Islam, which does not support the claim.",,,1,['deepseek/deepseek-r1'],14.0,14.0,5.0,2.0,5.0,1.0,1.0
143,Φωτογραφίες παρουσιάζουν ανήλικες σε μουσουλμανικές χώρες να είναι παντρεμένες ή έγκυες.,el,2020-03-03,Refuted,Not_Enough_Evidence,False,,meta-llama/llama-3.1-8b-instruct,,meta-llama/llama-3.1-8b-instruct,['meta-llama/llama-3.1-8b-instruct'],targeted_drop_50,targeted_drop_50,corrupted,targeted_drop_50,0.5,targeted,small_factcheck_v1,"The evidence provided does not mention anything about photographs showing underage girls in Muslim countries being married or pregnant. The text appears to be a discussion about the Islamic prophet Muhammad and the early history of Islam, with no relevance to the claim about photographs.",,,1,['deepseek/deepseek-r1'],25.0,25.0,5.0,5.0,5.0,5.0,5.0
145,Το BBC σε άρθρο του τρολλάρει την Ελλάδα για την αντιμετώπιση των πυρκαγιών.,el,2023-07-23,Refuted,Conflicting_Evidence,False,,meta-llama/llama-3.1-8b-instruct,,meta-llama/llama-3.1-8b-instruct,['meta-llama/llama-3.1-8b-instruct'],gold,gold,gold,gold,0.0,gold,small_factcheck_v1,"The evidence provides both supporting and contradicting statements regarding the claim that the BBC is criticizing Greece for its handling of wildfires. On one hand, the article discusses the potential risks of relying on technology, such as smartphones, and the possibility of being controlled by external forces, which is in line with the claim. However, the article also mentions the development of new technologies, such as facial recognition software, and the increasing use of digital identities, which could be seen as contradicting the claim. Furthermore, the article quotes the Russian Patriarch Cyril, who warns about the dangers of relying on technology, but also mentions the development of new technologies, such as smartphones, which could be seen as a double-edged sword. Therefore, the evidence is conflicting and does not provide a clear support or refutation of the claim.",,,1,['deepseek/deepseek-r1'],18.0,18.0,5.0,5.0,5.0,2.0,1.0
145,Το BBC σε άρθρο του τρολλάρει την Ελλάδα για την αντιμετώπιση των πυρκαγιών.,el,2023-07-23,Refuted,Not_Enough_Evidence,False,,meta-llama/llama-3.1-8b-instruct,,meta-llama/llama-3.1-8b-instruct,['meta-llama/llama-3.1-8b-instruct'],random_drop_20,random_drop_20,corrupted,random_drop_20,0.2,random,small_factcheck_v1,"The evidence provided does not directly address the claim that the BBC is 'trolling' Greece for its handling of wildfires. The articles discuss various topics, including the Russian Patriarch's views on technology, abortion, and the potential dangers of a single, unified system of control. While there are mentions of Russia and the West, there is no clear connection made between the BBC and Greece's wildfire response.",,,1,['deepseek/deepseek-r1'],25.0,25.0,5.0,5.0,5.0,5.0,5.0
145,Το BBC σε άρθρο του τρολλάρει την Ελλάδα για την αντιμετώπιση των πυρκαγιών.,el,2023-07-23,Refuted,Not_Enough_Evidence,False,,meta-llama/llama-3.1-8b-instruct,,meta-llama/llama-3.1-8b-instruct,['meta-llama/llama-3.1-8b-instruct'],random_drop_50,random_drop_50,corrupted,random_drop_50,0.5,random,small_factcheck_v1,"The evidence provided does not mention anything about the BBC trolling Greece for its handling of wildfires. The document appears to be a collection of quotes and articles about the Patriarch of Moscow, Cyril, and his views on various topics, including technology, identity, and the New World Order. There is no mention of the BBC or wildfires in Greece.",,,1,['deepseek/deepseek-r1'],25.0,25.0,5.0,5.0,5.0,5.0,5.0
145,Το BBC σε άρθρο του τρολλάρει την Ελλάδα για την αντιμετώπιση των πυρκαγιών.,el,2023-07-23,Refuted,Not_Enough_Evidence,False,,meta-llama/llama-3.1-8b-instruct,,meta-llama/llama-3.1-8b-instruct,['meta-llama/llama-3.1-8b-instruct'],targeted_drop_20,targeted_drop_20,corrupted,targeted_drop_20,0.2,targeted,small_factcheck_v1,"The evidence provided does not directly address the claim that the BBC is 'trolling' Greece for its handling of wildfires. The articles discuss various topics, including the New World Order, the Russian Patriarch's views on technology and identity, and cybersecurity concerns. While some articles mention Greece or the European Union, they do not provide evidence to support or refute the claim about the BBC's reporting on wildfires.",,,1,['deepseek/deepseek-r1'],25.0,25.0,5.0,5.0,5.0,5.0,5.0
145,Το BBC σε άρθρο του τρολλάρει την Ελλάδα για την αντιμετώπιση των πυρκαγιών.,el,2023-07-23,Refuted,Not_Enough_Evidence,False,,meta-llama/llama-3.1-8b-instruct,,meta-llama/llama-3.1-8b-instruct,['meta-llama/llama-3.1-8b-instruct'],targeted_drop_50,targeted_drop_50,corrupted,targeted_drop_50,0.5,targeted,small_factcheck_v1,"The evidence provided does not mention anything about the BBC criticizing Greece for its handling of wildfires. The text appears to be a collection of quotes and articles about various topics, including the New World Order, the Russian Orthodox Church, and cybersecurity, but none of them relate to the claim about the BBC.",,,1,['deepseek/deepseek-r1'],25.0,25.0,5.0,5.0,5.0,5.0,5.0
147,"Η Ελλάδα βρίσκεται στην πρώτη θέση, όσον αφορά τον αριθμό των τεστ κορωνοϊού που έχει εκτελέσει ενά επιβεβαιωμένο κρούσμα.",el,2020-05-10,Refuted,Refuted,True,,meta-llama/llama-3.1-8b-instruct,,meta-llama/llama-3.1-8b-instruct,['meta-llama/llama-3.1-8b-instruct'],gold,gold,gold,gold,0.0,gold,small_factcheck_v1,"The evidence provided in Evidence Document 1 states that 'Η Ελλάδα βρίσκεται στην 53ή θέση παγκοσμίως (από 50ή την προηγούμενη εβδομάδα) όσον αφορά τον αριθμό των τεστ που κάθε χώρα έχει πραγματοποιήσει.' This contradicts the claim that 'Η Ελλάδα βρίσκεται στην πρώτη θέση, όσον αφορά τον αριθμό των τεστ κορωνοϊού που έχει εκτελέσει ενά επιβεβαιωμένο κρούσμα.'",,,1,['deepseek/deepseek-r1'],25.0,25.0,5.0,5.0,5.0,5.0,5.0
147,"Η Ελλάδα βρίσκεται στην πρώτη θέση, όσον αφορά τον αριθμό των τεστ κορωνοϊού που έχει εκτελέσει ενά επιβεβαιωμένο κρούσμα.",el,2020-05-10,Refuted,Not_Enough_Evidence,False,,meta-llama/llama-3.1-8b-instruct,,meta-llama/llama-3.1-8b-instruct,['meta-llama/llama-3.1-8b-instruct'],random_drop_20,random_drop_20,corrupted,random_drop_20,0.2,random,small_factcheck_v1,"The evidence provided does not directly address the claim that 'Η Ελλάδα βρίσκεται στην πρώτη θέση, όσον αφορά τον αριθμό των τεστ κορωνοϊού που έχει εκτελέσει ενά επιβεβαιωμένο κρούσμα.' The first evidence document discusses the number of COVID-19 cases and tests performed in Greece, but it does not provide information on the ranking of countries by the number of tests performed per confirmed case. The second evidence document is unrelated to the claim and discusses the benefits and process of spaying/neutering pets.",,,1,['deepseek/deepseek-r1'],25.0,25.0,5.0,5.0,5.0,5.0,5.0
147,"Η Ελλάδα βρίσκεται στην πρώτη θέση, όσον αφορά τον αριθμό των τεστ κορωνοϊού που έχει εκτελέσει ενά επιβεβαιωμένο κρούσμα.",el,2020-05-10,Refuted,Not_Enough_Evidence,False,,meta-llama/llama-3.1-8b-instruct,,meta-llama/llama-3.1-8b-instruct,['meta-llama/llama-3.1-8b-instruct'],random_drop_50,random_drop_50,corrupted,random_drop_50,0.5,random,small_factcheck_v1,"The claim states that 'Η Ελλάδα βρίσκεται στην πρώτη θέση, όσον αφορά τον αριθμό των τεστ κορωνοϊού που έχει εκτελέσει ενά επιβεβαιωμένο κρούσμα.' However, neither of the provided evidence documents directly addresses or supports this claim. Evidence Document 1 discusses the number of COVID-19 cases and deaths in Greece, but does not mention the number of tests performed. Evidence Document 2 is unrelated to the claim and discusses animal sterilization. Therefore, there is not enough evidence to evaluate the claim.",,,1,['deepseek/deepseek-r1'],25.0,25.0,5.0,5.0,5.0,5.0,5.0
147,"Η Ελλάδα βρίσκεται στην πρώτη θέση, όσον αφορά τον αριθμό των τεστ κορωνοϊού που έχει εκτελέσει ενά επιβεβαιωμένο κρούσμα.",el,2020-05-10,Refuted,Not_Enough_Evidence,False,,meta-llama/llama-3.1-8b-instruct,,meta-llama/llama-3.1-8b-instruct,['meta-llama/llama-3.1-8b-instruct'],targeted_drop_20,targeted_drop_20,corrupted,targeted_drop_20,0.2,targeted,small_factcheck_v1,"The evidence provided does not contain any information related to the claim that 'Η Ελλάδα βρίσκεται στην πρώτη θέση, όσον αφορά τον αριθμό των τεστ κορωνοϊού που έχει εκτελέσει ενά επιβεβαιωμένο κρούσμα.' The evidence documents discuss various statistics and trends related to the COVID-19 pandemic in Greece, but do not provide any information that would support or refute the specific claim in question.",,,1,['deepseek/deepseek-r1'],25.0,25.0,5.0,5.0,5.0,5.0,5.0
147,"Η Ελλάδα βρίσκεται στην πρώτη θέση, όσον αφορά τον αριθμό των τεστ κορωνοϊού που έχει εκτελέσει ενά επιβεβαιωμένο κρούσμα.",el,2020-05-10,Refuted,Not_Enough_Evidence,False,,meta-llama/llama-3.1-8b-instruct,,meta-llama/llama-3.1-8b-instruct,['meta-llama/llama-3.1-8b-instruct'],targeted_drop_50,targeted_drop_50,corrupted,targeted_drop_50,0.5,targeted,small_factcheck_v1,"The evidence provided does not contain any information related to the claim that 'Η Ελλάδα βρίσκεται στην πρώτη θέση, όσον αφορά τον αριθμό των τεστ κορωνοϊού που έχει εκτελέσει ενά επιβεβαιωμένο κρούσμα.' The documents discuss various topics such as the COVID-19 pandemic, animal sterilization, and health metrics, but none of them provide data or information that would support or refute the claim.",,,1,['deepseek/deepseek-r1'],25.0,25.0,5.0,5.0,5.0,5.0,5.0
837,Bebelușii din Turcia s-au născut cu deformări din cauza vaccinurilor Covid-19.,ro,2021-10-08,Refuted,Not_Enough_Evidence,False,,meta-llama/llama-3.1-8b-instruct,,meta-llama/llama-3.1-8b-instruct,['meta-llama/llama-3.1-8b-instruct'],gold,gold,gold,gold,0.0,gold,small_factcheck_v1,"The provided evidence does not mention anything about the relationship between COVID-19 vaccines and birth defects in Turkey. The document appears to be a description of a hemogram test, its parameters, and how to interpret the results, but it does not provide any information about the claim that bebeluși (newborns) in Turkey have been born with deformities due to COVID-19 vaccines.",,,1,['deepseek/deepseek-r1'],25.0,25.0,5.0,5.0,5.0,5.0,5.0
837,Bebelușii din Turcia s-au născut cu deformări din cauza vaccinurilor Covid-19.,ro,2021-10-08,Refuted,Refuted,True,,meta-llama/llama-3.1-8b-instruct,,meta-llama/llama-3.1-8b-instruct,['meta-llama/llama-3.1-8b-instruct'],random_drop_20,random_drop_20,corrupted,random_drop_20,0.2,random,small_factcheck_v1,"Evidența prezentată în documentul 1 nu susține afirmația că bebelușii din Turcia s-au născut cu deformări din cauza vaccinurilor Covid-19. Documentul descrie hemograma, un test de laborator care măsoară parametrii sanguini, inclusiv numărul de eritrocite, dar nu face nicio referire la vaccinuri sau la efectele lor asupra sănătății bebelușilor. De asemenea, documentul menționează că stresul, hiperhidratarea și anumite condiții medicale pot influența rezultatele hemogramei, dar nu există nicio legătură cu vaccinurile Covid-19.",,,1,['deepseek/deepseek-r1'],25.0,25.0,5.0,5.0,5.0,5.0,5.0
837,Bebelușii din Turcia s-au născut cu deformări din cauza vaccinurilor Covid-19.,ro,2021-10-08,Refuted,Refuted,True,,meta-llama/llama-3.1-8b-instruct,,meta-llama/llama-3.1-8b-instruct,['meta-llama/llama-3.1-8b-instruct'],random_drop_50,random_drop_50,corrupted,random_drop_50,0.5,random,small_factcheck_v1,"The evidence provided does not support the claim that bebelușii din Turcia (Turkish babies) were born with deformities due to Covid-19 vaccines. The document discusses hemograma (a blood test) and its parameters, including the number of erythrocytes (red blood cells), but does not mention anything about Covid-19 vaccines or deformities in babies. The document provides information about the normal range of erythrocyte count and its variations due to various factors, but does not provide any evidence to support the claim.",,,1,['deepseek/deepseek-r1'],25.0,25.0,5.0,5.0,5.0,5.0,5.0
837,Bebelușii din Turcia s-au născut cu deformări din cauza vaccinurilor Covid-19.,ro,2021-10-08,Refuted,Not_Enough_Evidence,False,,meta-llama/llama-3.1-8b-instruct,,meta-llama/llama-3.1-8b-instruct,['meta-llama/llama-3.1-8b-instruct'],targeted_drop_20,targeted_drop_20,corrupted,targeted_drop_20,0.2,targeted,small_factcheck_v1,"The provided evidence does not mention anything about the relationship between COVID-19 vaccines and birth defects in Turkey. The document appears to be a medical text about hemograms and blood tests, discussing various parameters and their interpretations, but it does not provide any information about the claim in question.",,,1,['deepseek/deepseek-r1'],25.0,25.0,5.0,5.0,5.0,5.0,5.0
837,Bebelușii din Turcia s-au născut cu deformări din cauza vaccinurilor Covid-19.,ro,2021-10-08,Refuted,Refuted,True,,meta-llama/llama-3.1-8b-instruct,,meta-llama/llama-3.1-8b-instruct,['meta-llama/llama-3.1-8b-instruct'],targeted_drop_50,targeted_drop_50,corrupted,targeted_drop_50,0.5,targeted,small_factcheck_v1,"The evidence provided does not support the claim that babies in Turkey were born with deformities due to COVID-19 vaccines. The document discusses hemograma, a medical test that measures various parameters of blood cells, including erythrocytes, leukocytes, and thrombocytes. It explains the importance of proper preparation and handling of the blood sample to avoid errors in the test results. There is no mention of COVID-19 vaccines or their potential effects on fetal development. Therefore, the claim is refuted by the lack of any evidence supporting it.",,,1,['deepseek/deepseek-r1'],25.0,25.0,5.0,5.0,5.0,5.0,5.0
279,Madhya Pradesh CM Mohan Yadav announced that there will be action against private schools which dress their pupils up as Santa Claus for Christmas day.,en,2023-12-28,Refuted,Not_Enough_Evidence,False,,qwen/qwen-2.5-7b-instruct,,qwen/qwen-2.5-7b-instruct,['qwen/qwen-2.5-7b-instruct'],gold,gold,gold,gold,0.0,gold,small_factcheck_v1,The provided evidence does not contain any information related to Madhya Pradesh CM Mohan Yadav's announcement regarding action against private schools dressing pupils as Santa Claus for Christmas day. The evidence appears to be a list of female names and does not provide any context relevant to the claim.,,,1,['deepseek/deepseek-r1'],25.0,25.0,5.0,5.0,5.0,5.0,5.0
280,The video shows a real incident of an aiport security personnel stealing from a passenger.,en,2023-12-27,Refuted,Refuted,True,,qwen/qwen-2.5-7b-instruct,,qwen/qwen-2.5-7b-instruct,['qwen/qwen-2.5-7b-instruct'],gold,gold,gold,gold,0.0,gold,small_factcheck_v1,"The evidence provided in the second document contradicts the claim. It details an incident involving TSA agents at MIA checkpoint, not airport security personnel at an airport, and does not involve the theft of a passenger's bag. Instead, it mentions the theft of $600 from a passenger's wallet during the screening process. The evidence in the first document supports a similar claim but is specific to a different airport and a different airline. Since the evidence does not support the claim of airport security personnel stealing from a passenger at the mentioned airport, the claim is refuted.",,,1,['deepseek/deepseek-r1'],17.0,17.0,5.0,5.0,3.0,2.0,2.0
280,The video shows a real incident of an aiport security personnel stealing from a passenger.,en,2023-12-27,Refuted,Supported,False,,qwen/qwen-2.5-7b-instruct,,qwen/qwen-2.5-7b-instruct,['qwen/qwen-2.5-7b-instruct'],random_drop_20,random_drop_20,corrupted,random_drop_20,0.2,random,small_factcheck_v1,"The evidence from Document 1 clearly supports the claim. It describes a video showing an airport security personnel at a Spirit Airlines gate stealing from a passenger's bag. Specific details such as the employee rifling through the bag, pocketing belongings, and discarding the rest are mentioned. This directly aligns with the claim of an airport security personnel stealing from a passenger.",,,1,['deepseek/deepseek-r1'],19.0,19.0,5.0,5.0,5.0,2.0,2.0
280,The video shows a real incident of an aiport security personnel stealing from a passenger.,en,2023-12-27,Refuted,Not_Enough_Evidence,False,,qwen/qwen-2.5-7b-instruct,,qwen/qwen-2.5-7b-instruct,['qwen/qwen-2.5-7b-instruct'],random_drop_50,random_drop_50,corrupted,random_drop_50,0.5,random,small_factcheck_v1,"The evidence provided discusses incidents of theft by TSA agents at different airports, but does not specifically mention AIport security personnel stealing from a passenger at the same airport as claimed. While both documents involve airport staff theft, they do not provide enough information to confirm or refute the specific claim about AIport security personnel.",,,1,['deepseek/deepseek-r1'],21.0,21.0,5.0,5.0,5.0,3.0,3.0
280,The video shows a real incident of an aiport security personnel stealing from a passenger.,en,2023-12-27,Refuted,Supported,False,,qwen/qwen-2.5-7b-instruct,,qwen/qwen-2.5-7b-instruct,['qwen/qwen-2.5-7b-instruct'],targeted_drop_20,targeted_drop_20,corrupted,targeted_drop_20,0.2,targeted,small_factcheck_v1,"The evidence from Evidence Document 1 clearly supports the claim. It describes a video where airport security personnel are seen stealing from a passenger's bag. Specific details include the employee maliciously dumping out the contents of the bag, including jewelry and life-saving medication, and throwing the bag into a trash can. This directly supports the claim of an airport security personnel stealing from a passenger.",,,1,['deepseek/deepseek-r1'],22.0,22.0,5.0,5.0,5.0,3.0,4.0
280,The video shows a real incident of an aiport security personnel stealing from a passenger.,en,2023-12-27,Refuted,Supported,False,,qwen/qwen-2.5-7b-instruct,,qwen/qwen-2.5-7b-instruct,['qwen/qwen-2.5-7b-instruct'],targeted_drop_50,targeted_drop_50,corrupted,targeted_drop_50,0.5,targeted,small_factcheck_v1,"The evidence from Document 1 provides a statement from Brooks who claims that a bag containing jewelry, a family heirloom, and life-saving medication was stolen maliciously by airport security personnel. Additionally, Spirit Airlines suspended four of their employees at Louis Armstrong New Orleans International Airport pending an investigation, which suggests that there is an ongoing investigation into the claim. Document 2 further supports this by mentioning that Gonzalez and Williams were arrested and charged for a similar incident at a different airport, MIA, and that the TSOs (Transport Security Officers) involved were placed in non-pay status pending the investigation. While the evidence is from different airports, it strongly supports the claim that airport security personnel have stolen from passengers.",,,1,['deepseek/deepseek-r1'],21.0,21.0,5.0,5.0,5.0,3.0,3.0
281,Qatar has banned McDonalds in the country and a McDonald's outlet was demolished.,en,2023-12-29,Refuted,Not_Enough_Evidence,False,,qwen/qwen-2.5-7b-instruct,,qwen/qwen-2.5-7b-instruct,['qwen/qwen-2.5-7b-instruct'],gold,gold,gold,gold,0.0,gold,small_factcheck_v1,"The evidence provided does not contain any information about Qatar banning McDonald's or demolishing a McDonald's outlet. The article discusses protests and shareholder votes in the United States against McDonald's, but it does not mention any actions related to Qatar.",,,1,['deepseek/deepseek-r1'],25.0,25.0,5.0,5.0,5.0,5.0,5.0
281,Qatar has banned McDonalds in the country and a McDonald's outlet was demolished.,en,2023-12-29,Refuted,Not_Enough_Evidence,False,,qwen/qwen-2.5-7b-instruct,,qwen/qwen-2.5-7b-instruct,['qwen/qwen-2.5-7b-instruct'],random_drop_20,random_drop_20,corrupted,random_drop_20,0.2,random,small_factcheck_v1,"The evidence does not provide any information about Qatar banning McDonald's or demolishing a McDonald's outlet. The document discusses protests and shareholder meetings related to McDonald's in the United States, but there is no mention of events in Qatar.",,,1,['deepseek/deepseek-r1'],25.0,25.0,5.0,5.0,5.0,5.0,5.0
281,Qatar has banned McDonalds in the country and a McDonald's outlet was demolished.,en,2023-12-29,Refuted,Not_Enough_Evidence,False,,qwen/qwen-2.5-7b-instruct,,qwen/qwen-2.5-7b-instruct,['qwen/qwen-2.5-7b-instruct'],random_drop_50,random_drop_50,corrupted,random_drop_50,0.5,random,small_factcheck_v1,The evidence provided does not mention any ban on McDonald's in Qatar or the demolition of a McDonald's outlet. The document discusses protests and wage demands for McDonald's workers in the United States and mentions the company's struggles globally. There is no information related to Qatar or the specific claims made in the original statement.,,,1,['deepseek/deepseek-r1'],25.0,25.0,5.0,5.0,5.0,5.0,5.0
281,Qatar has banned McDonalds in the country and a McDonald's outlet was demolished.,en,2023-12-29,Refuted,Not_Enough_Evidence,False,,qwen/qwen-2.5-7b-instruct,,qwen/qwen-2.5-7b-instruct,['qwen/qwen-2.5-7b-instruct'],targeted_drop_20,targeted_drop_20,corrupted,targeted_drop_20,0.2,targeted,small_factcheck_v1,"The evidence provided does not contain any information about Qatar banning McDonald's or demolishing a McDonald's outlet. The article focuses on protests and shareholder meetings in the United States related to wage increases for McDonald's workers. Therefore, there is not enough information to evaluate the claim.",,,1,['deepseek/deepseek-r1'],15.0,15.0,3.0,3.0,3.0,3.0,3.0
281,Qatar has banned McDonalds in the country and a McDonald's outlet was demolished.,en,2023-12-29,Refuted,Not_Enough_Evidence,False,,qwen/qwen-2.5-7b-instruct,,qwen/qwen-2.5-7b-instruct,['qwen/qwen-2.5-7b-instruct'],targeted_drop_50,targeted_drop_50,corrupted,targeted_drop_50,0.5,targeted,small_factcheck_v1,"The provided evidence does not contain any information related to Qatar banning McDonald's or demolishing a McDonald's outlet. The document discusses shareholder meetings and wage pressures on corporations in the United States, particularly focusing on McDonald's, but does not mention any events in Qatar.",,,1,['deepseek/deepseek-r1'],25.0,25.0,5.0,5.0,5.0,5.0,5.0
282,purports to show Joe Biden threatening 'violence and chaos' to control Trump supporters,en,2023-12-02,Refuted,Supported,False,,qwen/qwen-2.5-7b-instruct,,qwen/qwen-2.5-7b-instruct,['qwen/qwen-2.5-7b-instruct'],gold,gold,gold,gold,0.0,gold,small_factcheck_v1,"The evidence document shows Joe Biden making statements that align with the claim. Specifically, Biden stated, 'We, the people must say this is not who we are,' referring to the stoking of political violence and calling it 'inflammatory and dangerous.' This implies Biden's concern and intention to warn against such behavior, which can be interpreted as a form of threat to maintain order and control the situation.",,,1,['deepseek/deepseek-r1'],17.0,17.0,3.0,5.0,5.0,2.0,2.0
282,purports to show Joe Biden threatening 'violence and chaos' to control Trump supporters,en,2023-12-02,Refuted,Not_Enough_Evidence,False,,qwen/qwen-2.5-7b-instruct,,qwen/qwen-2.5-7b-instruct,['qwen/qwen-2.5-7b-instruct'],random_drop_20,random_drop_20,corrupted,random_drop_20,0.2,random,small_factcheck_v1,"```json
{
  ""verdict"": ""Not_Enough_Evidence"",
  ""explanation"": ""The evidence provided does not contain any direct statements from Joe Biden threatening 'violence and chaos' to control Trump supporters. Instead, it shows Biden making a sharp rebuke of Republicans and their support for Trump, warning of the threat to democracy. While Biden did call on Trump to end the ""siege"" on the Capitol and described the actions as inciting political violence, there is no clear evidence that Biden himself threatened violence or chaos.""
}
```",,,1,['deepseek/deepseek-r1'],25.0,25.0,5.0,5.0,5.0,5.0,5.0
282,purports to show Joe Biden threatening 'violence and chaos' to control Trump supporters,en,2023-12-02,Refuted,Not_Enough_Evidence,False,,qwen/qwen-2.5-7b-instruct,,qwen/qwen-2.5-7b-instruct,['qwen/qwen-2.5-7b-instruct'],random_drop_50,random_drop_50,corrupted,random_drop_50,0.5,random,small_factcheck_v1,"The provided evidence does not contain any direct statements or actions by Joe Biden that suggest he threatened 'violence and chaos' to control Trump supporters. Instead, the evidence shows Biden calling for an orderly transition and urging Trump to condemn the violence. There is no mention of Biden inciting violence or chaos.",,,1,['deepseek/deepseek-r1'],25.0,25.0,5.0,5.0,5.0,5.0,5.0
282,purports to show Joe Biden threatening 'violence and chaos' to control Trump supporters,en,2023-12-02,Refuted,Not_Enough_Evidence,False,,qwen/qwen-2.5-7b-instruct,,qwen/qwen-2.5-7b-instruct,['qwen/qwen-2.5-7b-instruct'],targeted_drop_20,targeted_drop_20,corrupted,targeted_drop_20,0.2,targeted,small_factcheck_v1,"The provided evidence does not contain any direct statements from Joe Biden threatening 'violence and chaos' to control Trump supporters. The documents discuss Biden's stance on democracy and his calls for unity and action against threats to democracy, but there is no mention of him making such threats. Therefore, there is not enough evidence to support or refute the claim.",,,1,['deepseek/deepseek-r1'],25.0,25.0,5.0,5.0,5.0,5.0,5.0
282,purports to show Joe Biden threatening 'violence and chaos' to control Trump supporters,en,2023-12-02,Refuted,Not_Enough_Evidence,False,,qwen/qwen-2.5-7b-instruct,,qwen/qwen-2.5-7b-instruct,['qwen/qwen-2.5-7b-instruct'],targeted_drop_50,targeted_drop_50,corrupted,targeted_drop_50,0.5,targeted,small_factcheck_v1,"The provided evidence does not contain any statements from Joe Biden threatening violence or chaos against Trump supporters. The documents discuss Biden's stance on democracy and his calls for honesty and action to protect democratic values, but do not support or refute the claim of Biden threatening violence or chaos.",,,1,['deepseek/deepseek-r1'],25.0,25.0,5.0,5.0,5.0,5.0,5.0
283,A video shared on Facebook claims to show a Houthi attack on a commercial vessel in 2023.,en,2023-12-15,Refuted,Not_Enough_Evidence,False,,qwen/qwen-2.5-7b-instruct,,qwen/qwen-2.5-7b-instruct,['qwen/qwen-2.5-7b-instruct'],gold,gold,gold,gold,0.0,gold,small_factcheck_v1,"The evidence documents do not provide direct information about a specific video shared on Facebook claiming to show a Houthi attack on a commercial vessel in 2023. While the documents discuss various attacks and incidents involving commercial vessels and the Houthi group, they do not mention a particular video or confirm its authenticity. Therefore, there is not enough information to determine whether the claim is supported or refuted.",,,1,['deepseek/deepseek-r1'],25.0,25.0,5.0,5.0,5.0,5.0,5.0
283,A video shared on Facebook claims to show a Houthi attack on a commercial vessel in 2023.,en,2023-12-15,Refuted,Not_Enough_Evidence,False,,qwen/qwen-2.5-7b-instruct,,qwen/qwen-2.5-7b-instruct,['qwen/qwen-2.5-7b-instruct'],random_drop_20,random_drop_20,corrupted,random_drop_20,0.2,random,small_factcheck_v1,"The evidence documents do not provide a video or direct confirmation of a Houthi attack on a commercial vessel in 2023. While the documents mention Houthi attacks on commercial vessels in the Red Sea, they do not specify a video or confirm such an attack occurred in 2023. Therefore, there is not enough evidence to either support or refute the claim.",,,1,['deepseek/deepseek-r1'],21.0,21.0,5.0,5.0,5.0,3.0,3.0
283,A video shared on Facebook claims to show a Houthi attack on a commercial vessel in 2023.,en,2023-12-15,Refuted,Conflicting_Evidence,False,,qwen/qwen-2.5-7b-instruct,,qwen/qwen-2.5-7b-instruct,['qwen/qwen-2.5-7b-instruct'],random_drop_50,random_drop_50,corrupted,random_drop_50,0.5,random,small_factcheck_v1,"The evidence provides conflicting information regarding the nature of the attacks. Evidence Document 1 mentions a Houthi attack on a commercial vessel in the Red Sea, but specifies that these were not believed to have caused serious damage. Evidence Document 2, however, describes a specific incident where gunmen took a ship's crew hostage, which is a different scenario. Both documents suggest Houthi involvement in maritime attacks, but the details of the claims do not clearly support or refute the original claim of a Houthi attack on a commercial vessel in 2023.",,,1,['deepseek/deepseek-r1'],25.0,25.0,5.0,5.0,5.0,5.0,5.0
283,A video shared on Facebook claims to show a Houthi attack on a commercial vessel in 2023.,en,2023-12-15,Refuted,Not_Enough_Evidence,False,,qwen/qwen-2.5-7b-instruct,,qwen/qwen-2.5-7b-instruct,['qwen/qwen-2.5-7b-instruct'],targeted_drop_20,targeted_drop_20,corrupted,targeted_drop_20,0.2,targeted,small_factcheck_v1,"The evidence documents do not provide direct confirmation or denial of a Houthi attack on a commercial vessel in 2023. While there are mentions of attacks on commercial vessels in the Red Sea, the specific claim about a Houthi attack on a commercial vessel in 2023 is not directly addressed. Therefore, there is not enough information to determine if the claim is supported or refuted.",,,1,['deepseek/deepseek-r1'],25.0,25.0,5.0,5.0,5.0,5.0,5.0
283,A video shared on Facebook claims to show a Houthi attack on a commercial vessel in 2023.,en,2023-12-15,Refuted,Not_Enough_Evidence,False,,qwen/qwen-2.5-7b-instruct,,qwen/qwen-2.5-7b-instruct,['qwen/qwen-2.5-7b-instruct'],targeted_drop_50,targeted_drop_50,corrupted,targeted_drop_50,0.5,targeted,small_factcheck_v1,The evidence documents do not clearly support or refute the claim of a Houthi attack on a commercial vessel in 2023. The first document mentions attacks on commercial vessels but does not specify whether they were attacked by the Houthi group or not. The second document discusses the hijacking of a commercial vessel by the Houthis but does not explicitly state that it was a commercial vessel under attack. There is a lack of clear evidence linking the Houthi group to a specific attack on a commercial vessel in 2023.,,,1,['deepseek/deepseek-r1'],21.0,21.0,5.0,5.0,5.0,3.0,3.0
1,"Ein Foto zeige fast nur Frauen mit Kopftuch in einer Bahn in Malmö, Schweden.",de,2024-03-10,Conflicting_Evidence,Conflicting_Evidence,True,,qwen/qwen-2.5-7b-instruct,,qwen/qwen-2.5-7b-instruct,['qwen/qwen-2.5-7b-instruct'],gold,gold,gold,gold,0.0,gold,small_factcheck_v1,"Die erste Dokumentation bietet einen Beleg für sexuelle Belästigungen in der U-Bahn in Malmö, Schweden, die auf die Frauen mit Kopftuch hinweisen. Allerdings steht auch in diesem Dokument der Aussage entgegen, dass die politische Linke versucht, die Ursachen für das Sexualisierte Gewaltproblem nicht zu verschleiern, und dass es problematisch wäre, die Täter mit Herkunftsmerkmalen zu identifizieren, da auch in anderen Ländern sexuelle Gewalt stattfindet. Die zweite Dokumentation vertritt die Position, dass man den Muslimen nicht so präjudiziert zureden sollte, und dass es wichtig ist, eine interkulturelle Diskussion über islamische Themen zu führen. Daher gibt das Beweismaterial sowohl Unterstützung als auch Ablehnung der Behauptung, dass das Foto fast nur Frauen mit Kopftuch zeigt, da es sich um eine spezifische Form von Belästigung handelt.",,,1,['deepseek/deepseek-r1'],16.0,16.0,4.0,3.0,5.0,2.0,2.0
1,"Ein Foto zeige fast nur Frauen mit Kopftuch in einer Bahn in Malmö, Schweden.",de,2024-03-10,Conflicting_Evidence,Not_Enough_Evidence,False,,qwen/qwen-2.5-7b-instruct,,qwen/qwen-2.5-7b-instruct,['qwen/qwen-2.5-7b-instruct'],random_drop_20,random_drop_20,corrupted,random_drop_20,0.2,random,small_factcheck_v1,"The evidence documents do not provide specific information about a photograph showing almost only women with headscarves in a Malmö train station. While the documents discuss sexual violence and the integration of Muslim communities, they do not mention any such photograph. Therefore, there is not enough evidence to support or refute the claim.",,,1,['deepseek/deepseek-r1'],25.0,25.0,5.0,5.0,5.0,5.0,5.0
1,"Ein Foto zeige fast nur Frauen mit Kopftuch in einer Bahn in Malmö, Schweden.",de,2024-03-10,Conflicting_Evidence,Not_Enough_Evidence,False,,qwen/qwen-2.5-7b-instruct,,qwen/qwen-2.5-7b-instruct,['qwen/qwen-2.5-7b-instruct'],random_drop_50,random_drop_50,corrupted,random_drop_50,0.5,random,small_factcheck_v1,"The evidence provided does not contain any specific information about a photograph showing almost exclusively women with headscarves in the Malmö metro. While the document discusses the presence and integration of Muslim women, particularly those wearing headscarves, in public spaces, it does not mention any particular photograph or imagery that supports or refutes the claim. Therefore, there is not enough information to determine if the claim is supported or refuted.",,,1,['deepseek/deepseek-r1'],25.0,25.0,5.0,5.0,5.0,5.0,5.0
1,"Ein Foto zeige fast nur Frauen mit Kopftuch in einer Bahn in Malmö, Schweden.",de,2024-03-10,Conflicting_Evidence,Not_Enough_Evidence,False,,qwen/qwen-2.5-7b-instruct,,qwen/qwen-2.5-7b-instruct,['qwen/qwen-2.5-7b-instruct'],targeted_drop_20,targeted_drop_20,corrupted,targeted_drop_20,0.2,targeted,small_factcheck_v1,"The provided evidence does not contain any direct information about a photo showing almost exclusively women with headscarves in a train in Malmö, Sweden. The documents discuss sexualized violence against women and the integration of Muslims in Europe, but do not address the specific claim about the photo.",,,1,['deepseek/deepseek-r1'],25.0,25.0,5.0,5.0,5.0,5.0,5.0
1,"Ein Foto zeige fast nur Frauen mit Kopftuch in einer Bahn in Malmö, Schweden.",de,2024-03-10,Conflicting_Evidence,Not_Enough_Evidence,False,,qwen/qwen-2.5-7b-instruct,,qwen/qwen-2.5-7b-instruct,['qwen/qwen-2.5-7b-instruct'],targeted_drop_50,targeted_drop_50,corrupted,targeted_drop_50,0.5,targeted,small_factcheck_v1,"The given evidence documents do not provide any information about photos of women wearing headscarves in a train in Malmö, Sweden. The documents discuss broader themes related to integration, cultural and religious diversity, and the challenges of dealing with these issues in Europe, but do not support or refute the claim regarding the specific photo mentioned in the claim.",,,1,['deepseek/deepseek-r1'],25.0,25.0,5.0,5.0,5.0,5.0,5.0
2,"Dieses Video beweist, dass Demonstranten für Demos bezahlt werden",de,2024-01-22,Conflicting_Evidence,Not_Enough_Evidence,False,,qwen/qwen-2.5-7b-instruct,,qwen/qwen-2.5-7b-instruct,['qwen/qwen-2.5-7b-instruct'],gold,gold,gold,gold,0.0,gold,small_factcheck_v1,"Die bereitgestellten Dokumente enthalten keine expliziten Aussagen über die Bezahlung von Demonstranten. Dokument 1 diskutiert verschiedene Phänomene innerhalb der Zivilgesellschaft und gibt keine spezifischen Informationen über die Bezahlung von Demonstranten. Dokument 2 bespricht die Überwachung von Demonstrationsveranstaltungen durch die Polizei und enthält ebenfalls keine Hinweise darauf, dass Demonstranten bezahlt werden. Da keine relevanten Informationen zur Verfügung stehen, kann die Aussage weder unterstützt noch widerlegt werden.",,,1,['deepseek/deepseek-r1'],25.0,25.0,5.0,5.0,5.0,5.0,5.0
2,"Dieses Video beweist, dass Demonstranten für Demos bezahlt werden",de,2024-01-22,Conflicting_Evidence,Not_Enough_Evidence,False,,qwen/qwen-2.5-7b-instruct,,qwen/qwen-2.5-7b-instruct,['qwen/qwen-2.5-7b-instruct'],random_drop_20,random_drop_20,corrupted,random_drop_20,0.2,random,small_factcheck_v1,"The provided evidence does not contain any direct information about payments to demonstrators for participating in demos. Evidence Document 1 discusses the concept of civil society and its historical context, while Evidence Document 2 talks about police video surveillance during demonstrations. Neither document provides evidence related to payments to demonstrators.",,,1,['deepseek/deepseek-r1'],25.0,25.0,5.0,5.0,5.0,5.0,5.0
2,"Dieses Video beweist, dass Demonstranten für Demos bezahlt werden",de,2024-01-22,Conflicting_Evidence,Not_Enough_Evidence,False,,qwen/qwen-2.5-7b-instruct,,qwen/qwen-2.5-7b-instruct,['qwen/qwen-2.5-7b-instruct'],random_drop_50,random_drop_50,corrupted,random_drop_50,0.5,random,small_factcheck_v1,"Die bereitgestellten Dokumente enthalten keine spezifischen Informationen, die beweisen würden, dass Demonstranten für ihre Teilnahme an Demos bezahlt werden. Das erste Dokument diskutiert eher die Komplexität und das moderne Problem der Trennung von Staat und Gesellschaft, während das zweite Dokument sich auf die Frage der Videoüberwachung durch die Polizei konzentriert. Beide Dokumente geben keine Hinweise auf finanzielle Belohnungen für Demonstranten.",,,1,['deepseek/deepseek-r1'],25.0,25.0,5.0,5.0,5.0,5.0,5.0
2,"Dieses Video beweist, dass Demonstranten für Demos bezahlt werden",de,2024-01-22,Conflicting_Evidence,Not_Enough_Evidence,False,,qwen/qwen-2.5-7b-instruct,,qwen/qwen-2.5-7b-instruct,['qwen/qwen-2.5-7b-instruct'],targeted_drop_20,targeted_drop_20,corrupted,targeted_drop_20,0.2,targeted,small_factcheck_v1,"The provided evidence does not contain any direct information about whether demonstrators are paid for their participation in protests. Evidence Document 1 discusses the concept of civil society and its evolution, while Evidence Document 2 talks about video surveillance during demonstrations. Neither document provides any information related to the payment of demonstrators.",,,1,['deepseek/deepseek-r1'],25.0,25.0,5.0,5.0,5.0,5.0,5.0
2,"Dieses Video beweist, dass Demonstranten für Demos bezahlt werden",de,2024-01-22,Conflicting_Evidence,Not_Enough_Evidence,False,,qwen/qwen-2.5-7b-instruct,,qwen/qwen-2.5-7b-instruct,['qwen/qwen-2.5-7b-instruct'],targeted_drop_50,targeted_drop_50,corrupted,targeted_drop_50,0.5,targeted,small_factcheck_v1,"Die bereitgestellten Dokumente diskutieren die Zivilgesellschaft und die Versammlungsfreiheit, aber sie enthalten keine spezifischen Informationen über bezahlte Demonstranten. Daher gibt es nicht genug Beweise, um die Behauptung zu unterstützen oder zu widerlegen.",,,1,['deepseek/deepseek-r1'],25.0,25.0,5.0,5.0,5.0,5.0,5.0
3,"Das Bild einer Demonstration gegen Rechtsextremismus in Deutschland sei gefälscht worden, damit die Menge der Demonstrierenden größer wirke.",de,2024-01-29,Refuted,Not_Enough_Evidence,False,,qwen/qwen-2.5-7b-instruct,,qwen/qwen-2.5-7b-instruct,['qwen/qwen-2.5-7b-instruct'],gold,gold,gold,gold,0.0,gold,small_factcheck_v1,"Die angegebene Nachrichtenspalte von der Frankfurter Allgemeinen Zeitung (FAZ) beschreibt die positive Wahrnehmung der Demonstrationen gegen Rechtsextremismus in Deutschland und betont ihre Bedeutung für die Gesellschaft. Es gibt jedoch keine expliziten Beweise oder Aussagen in diesem Text, die darauf hinweisen, dass die Bilder der Demonstrationen gefälscht wurden. Deshalb bietet das Dokument nicht genug Anhaltspunkte, um den Anspruch zu unterstützen oder zu widerlegen.",,,1,['deepseek/deepseek-r1'],25.0,25.0,5.0,5.0,5.0,5.0,5.0
3,"Das Bild einer Demonstration gegen Rechtsextremismus in Deutschland sei gefälscht worden, damit die Menge der Demonstrierenden größer wirke.",de,2024-01-29,Refuted,Not_Enough_Evidence,False,,qwen/qwen-2.5-7b-instruct,,qwen/qwen-2.5-7b-instruct,['qwen/qwen-2.5-7b-instruct'],random_drop_20,random_drop_20,corrupted,random_drop_20,0.2,random,small_factcheck_v1,"Die bereitgestellten Dokumente beschreiben die Umstände und Bedeutung der Demonstrationen gegen Rechtsextremismus in Deutschland, aber sie enthalten keine Informationen über die Fälschung der Bilder oder die Größe der Demonstrierenden. Die Aussagen unterstützen die Existenz der Demonstrationen und ihre Bedeutung, aber sie geben nicht genügend Details, um die Behauptung zu bewerten.",,,1,['deepseek/deepseek-r1'],25.0,25.0,5.0,5.0,5.0,5.0,5.0
3,"Das Bild einer Demonstration gegen Rechtsextremismus in Deutschland sei gefälscht worden, damit die Menge der Demonstrierenden größer wirke.",de,2024-01-29,Refuted,Not_Enough_Evidence,False,,qwen/qwen-2.5-7b-instruct,,qwen/qwen-2.5-7b-instruct,['qwen/qwen-2.5-7b-instruct'],random_drop_50,random_drop_50,corrupted,random_drop_50,0.5,random,small_factcheck_v1,"Die bereitgestellten Dokumente enthalten keine expliziten Angaben über das Fälschen eines Bildes einer Demonstration gegen Rechtsextremismus in Deutschland. Stattdessen diskutieren sie die Motive und Wirkungen solcher Demonstrationsbewegungen. Daher gibt es nicht genug Informationen, um den Anspruch zu unterstützen oder zu widerlegen.",,,1,['deepseek/deepseek-r1'],25.0,25.0,5.0,5.0,5.0,5.0,5.0
3,"Das Bild einer Demonstration gegen Rechtsextremismus in Deutschland sei gefälscht worden, damit die Menge der Demonstrierenden größer wirke.",de,2024-01-29,Refuted,Refuted,True,,qwen/qwen-2.5-7b-instruct,,qwen/qwen-2.5-7b-instruct,['qwen/qwen-2.5-7b-instruct'],targeted_drop_20,targeted_drop_20,corrupted,targeted_drop_20,0.2,targeted,small_factcheck_v1,"The evidence document does not support the claim that the image of a demonstration against right-wing extremism in Germany was falsified. Instead, it emphasizes the large number of people participating in these demonstrations and their significance. For example, the text states, 'Das Engagement von Hunderttausenden Menschen, die sich seit Tagen auf Demonstrationen begeben, um ein Zeichen gegen rechtsextremes Gedankengut in der Gesellschaft zu setzen, ist beachtlich.' This quote directly contradicts the claim by affirming the reality and scale of the demonstrations.",,,1,['deepseek/deepseek-r1'],25.0,25.0,5.0,5.0,5.0,5.0,5.0
3,"Das Bild einer Demonstration gegen Rechtsextremismus in Deutschland sei gefälscht worden, damit die Menge der Demonstrierenden größer wirke.",de,2024-01-29,Refuted,Not_Enough_Evidence,False,,qwen/qwen-2.5-7b-instruct,,qwen/qwen-2.5-7b-instruct,['qwen/qwen-2.5-7b-instruct'],targeted_drop_50,targeted_drop_50,corrupted,targeted_drop_50,0.5,targeted,small_factcheck_v1,"Die angebotene Evidence-Dokumente stammen aus einer Nachrichtenquelle und beschreiben die positive Wirkung von Demonstrationen gegen Rechtsextremismus in Deutschland, ohne jedoch Aussagen über die Fälschung von Bildern zu treffen. Es gibt keine spezifischen Hinweise in der angegebenen Quelle, die das Fälschen von Demonstrationsbildern oder die Vergrößerung der Menge der Demonstrierenden belegen oder widerlegen würden.",,,1,['deepseek/deepseek-r1'],25.0,25.0,5.0,5.0,5.0,5.0,5.0
4,Frankreich hat wegen der Bauernproteste den Notstand ausgerufen.,de,2024-01-27,Refuted,Not_Enough_Evidence,False,,qwen/qwen-2.5-7b-instruct,,qwen/qwen-2.5-7b-instruct,['qwen/qwen-2.5-7b-instruct'],gold,gold,gold,gold,0.0,gold,small_factcheck_v1,"Die bereitgestellten Beweise erwähnen Bauernproteste und den Notstand in Frankreich, aber sie geben keine spezifischen Informationen darüber, ob Frankreich wegen der Bauernproteste den Notstand ausgerufen hat. Die Dokumente besprechen stattdessen Hitzewellen, Dürre und Waldbrände in verschiedenen europäischen Ländern, was den Fokus vom angegebenen Claim ablenkt.",,,1,['deepseek/deepseek-r1'],25.0,25.0,5.0,5.0,5.0,5.0,5.0
4,Frankreich hat wegen der Bauernproteste den Notstand ausgerufen.,de,2024-01-27,Refuted,Not_Enough_Evidence,False,,qwen/qwen-2.5-7b-instruct,,qwen/qwen-2.5-7b-instruct,['qwen/qwen-2.5-7b-instruct'],random_drop_20,random_drop_20,corrupted,random_drop_20,0.2,random,small_factcheck_v1,"Die gegebenen Beweise dokumentieren in Frankreich eine schwere Dürre- und Waldbrandlage, aber sie erwähnen nicht, dass der Notstand wegen Bauernproteste ausgerufen wurde. Das erste Dokument spricht zwar von Wasserknappheit und Dürre, aber es gibt keinen Hinweis darauf, dass dies zu Protesten und dem Ausserufen eines Notstands geführt hat. Das zweite Dokument erwähnt die Situation in Frankreich, aber auch hier wird kein Zusammenhang zwischen Bauernproteste und dem Ausserufen des Notstands hergestellt.",,,1,['deepseek/deepseek-r1'],25.0,25.0,5.0,5.0,5.0,5.0,5.0
4,Frankreich hat wegen der Bauernproteste den Notstand ausgerufen.,de,2024-01-27,Refuted,Not_Enough_Evidence,False,,qwen/qwen-2.5-7b-instruct,,qwen/qwen-2.5-7b-instruct,['qwen/qwen-2.5-7b-instruct'],random_drop_50,random_drop_50,corrupted,random_drop_50,0.5,random,small_factcheck_v1,"Die bereitgestellten Dokumente enthalten Informationen über Hitze- und Dürreschwankungen in verschiedenen europäischen Ländern, einschließlich Frankreich. Allerdings gibt es keine explizite Erwähnung eines Notstands wegen der Bauernproteste. Die Dokumente besprechen eher die Auswirkungen der extremen Wetterbedingungen auf Verkehr, Flughäfen, Waldbrände und Wasserressourcen. Daher gibt es nicht genug Beweise, um den Anspruch zu unterstützen oder zu widerlegen.",,,1,['deepseek/deepseek-r1'],25.0,25.0,5.0,5.0,5.0,5.0,5.0
4,Frankreich hat wegen der Bauernproteste den Notstand ausgerufen.,de,2024-01-27,Refuted,Not_Enough_Evidence,False,,qwen/qwen-2.5-7b-instruct,,qwen/qwen-2.5-7b-instruct,['qwen/qwen-2.5-7b-instruct'],targeted_drop_20,targeted_drop_20,corrupted,targeted_drop_20,0.2,targeted,small_factcheck_v1,"Die bereitgestellten Beweise beziehen sich auf Wetter- und Trockenheitslagen in verschiedenen europäischen Ländern, einschließlich Frankreichs. Allerdings enthält das Material keine spezifischen Informationen über Bauernproteste oder den Erklärung des Notstands in Frankreich. Daher gibt es nicht genug Beweise, um den Anspruch zu unterstützen oder zu widerlegen.",,,1,['deepseek/deepseek-r1'],25.0,25.0,5.0,5.0,5.0,5.0,5.0
4,Frankreich hat wegen der Bauernproteste den Notstand ausgerufen.,de,2024-01-27,Refuted,Not_Enough_Evidence,False,,qwen/qwen-2.5-7b-instruct,,qwen/qwen-2.5-7b-instruct,['qwen/qwen-2.5-7b-instruct'],targeted_drop_50,targeted_drop_50,corrupted,targeted_drop_50,0.5,targeted,small_factcheck_v1,"Die beiden bereitgestellten Dokumente berichten über Hitzeextreme in Großbritannien, Deutschland und Italien, aber sie erwähnen keine Informationen über Frankreich oder Bauernproteste. Daher gibt es nicht genug Beweise, um den Anspruch zu beurteilen.",,,1,['deepseek/deepseek-r1'],25.0,25.0,5.0,5.0,5.0,5.0,5.0
5,"Ein von „ZDF Heute“ verwendetes Bild der Demonstration gegen Rechtsextremismus in Hamburg vom 19. Januar 2024 sei manipuliert worden, um die Teilnehmerzahl höher erscheinen zu lassen. Das belege eine weitere Aufnahme, auf der weniger Menschen zu sehen seien.",de,2024-01-20,Refuted,Not_Enough_Evidence,False,,qwen/qwen-2.5-7b-instruct,,qwen/qwen-2.5-7b-instruct,['qwen/qwen-2.5-7b-instruct'],gold,gold,gold,gold,0.0,gold,small_factcheck_v1,"The provided evidence does not contain any information related to the manipulated image claim regarding the demonstration against right-wing extremism in Hamburg. The documents discuss topics such as German-Chinese trade relations and a vote on circumcision regulations for minors, providing no context or details about the demonstration or its images.",,,1,['deepseek/deepseek-r1'],25.0,25.0,5.0,5.0,5.0,5.0,5.0
5,"Ein von „ZDF Heute“ verwendetes Bild der Demonstration gegen Rechtsextremismus in Hamburg vom 19. Januar 2024 sei manipuliert worden, um die Teilnehmerzahl höher erscheinen zu lassen. Das belege eine weitere Aufnahme, auf der weniger Menschen zu sehen seien.",de,2024-01-20,Refuted,Not_Enough_Evidence,False,,qwen/qwen-2.5-7b-instruct,,qwen/qwen-2.5-7b-instruct,['qwen/qwen-2.5-7b-instruct'],random_drop_20,random_drop_20,corrupted,random_drop_20,0.2,random,small_factcheck_v1,"The provided evidence documents do not contain any information related to the claim about manipulated images of a demonstration against right-wing extremism in Hamburg. The first document discusses a deal with China regarding a Hamburg port terminal and does not mention anything about demonstrations or manipulated images. The second document is about circumcision regulations and does not address the claim either. Therefore, there is not enough evidence to support or refute the claim.",,,1,['deepseek/deepseek-r1'],25.0,25.0,5.0,5.0,5.0,5.0,5.0
5,"Ein von „ZDF Heute“ verwendetes Bild der Demonstration gegen Rechtsextremismus in Hamburg vom 19. Januar 2024 sei manipuliert worden, um die Teilnehmerzahl höher erscheinen zu lassen. Das belege eine weitere Aufnahme, auf der weniger Menschen zu sehen seien.",de,2024-01-20,Refuted,Not_Enough_Evidence,False,,qwen/qwen-2.5-7b-instruct,,qwen/qwen-2.5-7b-instruct,['qwen/qwen-2.5-7b-instruct'],random_drop_50,random_drop_50,corrupted,random_drop_50,0.5,random,small_factcheck_v1,"The provided evidence documents do not contain any information related to a demonstration against right-wing extremism in Hamburg or a manipulated image from ‘ZDF Heute’. Therefore, there is not enough evidence to support or refute the claim.",,,1,['deepseek/deepseek-r1'],25.0,25.0,5.0,5.0,5.0,5.0,5.0
5,"Ein von „ZDF Heute“ verwendetes Bild der Demonstration gegen Rechtsextremismus in Hamburg vom 19. Januar 2024 sei manipuliert worden, um die Teilnehmerzahl höher erscheinen zu lassen. Das belege eine weitere Aufnahme, auf der weniger Menschen zu sehen seien.",de,2024-01-20,Refuted,Not_Enough_Evidence,False,,qwen/qwen-2.5-7b-instruct,,qwen/qwen-2.5-7b-instruct,['qwen/qwen-2.5-7b-instruct'],targeted_drop_20,targeted_drop_20,corrupted,targeted_drop_20,0.2,targeted,small_factcheck_v1,"The provided evidence documents do not contain any information related to a demonstration against right-wing extremism in Hamburg or the manipulation of a photo from ZDF Heute. Both documents discuss different topics, such as the China deal in Hamburg and the legal regulation of circumcision for minors. Therefore, there is not enough evidence to evaluate the claim.",,,1,['deepseek/deepseek-r1'],25.0,25.0,5.0,5.0,5.0,5.0,5.0
5,"Ein von „ZDF Heute“ verwendetes Bild der Demonstration gegen Rechtsextremismus in Hamburg vom 19. Januar 2024 sei manipuliert worden, um die Teilnehmerzahl höher erscheinen zu lassen. Das belege eine weitere Aufnahme, auf der weniger Menschen zu sehen seien.",de,2024-01-20,Refuted,Not_Enough_Evidence,False,,qwen/qwen-2.5-7b-instruct,,qwen/qwen-2.5-7b-instruct,['qwen/qwen-2.5-7b-instruct'],targeted_drop_50,targeted_drop_50,corrupted,targeted_drop_50,0.5,targeted,small_factcheck_v1,"The provided evidence documents do not contain any information related to the image of a demonstration against right-wing extremism in Hamburg or any claims about manipulation of that image to alter the number of participants. Both documents discuss unrelated topics, one about the China deal and the other about the legal regulation of circumcision for minors. Therefore, there is not enough evidence to evaluate the claim.",,,1,['deepseek/deepseek-r1'],25.0,25.0,5.0,5.0,5.0,5.0,5.0
143,Φωτογραφίες παρουσιάζουν ανήλικες σε μουσουλμανικές χώρες να είναι παντρεμένες ή έγκυες.,el,2020-03-03,Refuted,Refuted,True,,qwen/qwen-2.5-7b-instruct,,qwen/qwen-2.5-7b-instruct,['qwen/qwen-2.5-7b-instruct'],gold,gold,gold,gold,0.0,gold,small_factcheck_v1,"The evidence discusses the life and teachings of the Prophet Muhammad and the early history of Islam, including the establishment of the religion and its spread. It does not provide any information about photographs depicting young women as married or pregnant in Muslim countries, which would be necessary to support or refute the claim.",,,1,['deepseek/deepseek-r1'],25.0,25.0,5.0,5.0,5.0,5.0,5.0
143,Φωτογραφίες παρουσιάζουν ανήλικες σε μουσουλμανικές χώρες να είναι παντρεμένες ή έγκυες.,el,2020-03-03,Refuted,Not_Enough_Evidence,False,,qwen/qwen-2.5-7b-instruct,,qwen/qwen-2.5-7b-instruct,['qwen/qwen-2.5-7b-instruct'],random_drop_20,random_drop_20,corrupted,random_drop_20,0.2,random,small_factcheck_v1,"The evidence provided discusses the life and teachings of Muhammad and the early history of Islam, but does not contain any direct information about photographs depicting young women as married or pregnant in Muslim countries. Therefore, there is not enough information to evaluate the claim.",,,1,['deepseek/deepseek-r1'],25.0,25.0,5.0,5.0,5.0,5.0,5.0
143,Φωτογραφίες παρουσιάζουν ανήλικες σε μουσουλμανικές χώρες να είναι παντρεμένες ή έγκυες.,el,2020-03-03,Refuted,Not_Enough_Evidence,False,,qwen/qwen-2.5-7b-instruct,,qwen/qwen-2.5-7b-instruct,['qwen/qwen-2.5-7b-instruct'],random_drop_50,random_drop_50,corrupted,random_drop_50,0.5,random,small_factcheck_v1,"The provided evidence does not contain any specific information regarding photographs of minors being married or pregnant in Muslim countries. The text discusses the life and actions of Muhammad and the history of Islam, but does not address the claim about photographs in Muslim countries.",,,1,['deepseek/deepseek-r1'],25.0,25.0,5.0,5.0,5.0,5.0,5.0
143,Φωτογραφίες παρουσιάζουν ανήλικες σε μουσουλμανικές χώρες να είναι παντρεμένες ή έγκυες.,el,2020-03-03,Refuted,Not_Enough_Evidence,False,,qwen/qwen-2.5-7b-instruct,,qwen/qwen-2.5-7b-instruct,['qwen/qwen-2.5-7b-instruct'],targeted_drop_20,targeted_drop_20,corrupted,targeted_drop_20,0.2,targeted,small_factcheck_v1,"The provided evidence does not contain any information related to the claim about photographs portraying teenagers as married or pregnant in Muslim countries. The evidence instead discusses the differences between Islam and Christianity, the life of Prophet Muhammad, and the interpretations of Islamic and Christian texts. Therefore, there is not enough information to evaluate the claim.",,,1,['deepseek/deepseek-r1'],25.0,25.0,5.0,5.0,5.0,5.0,5.0
143,Φωτογραφίες παρουσιάζουν ανήλικες σε μουσουλμανικές χώρες να είναι παντρεμένες ή έγκυες.,el,2020-03-03,Refuted,Not_Enough_Evidence,False,,qwen/qwen-2.5-7b-instruct,,qwen/qwen-2.5-7b-instruct,['qwen/qwen-2.5-7b-instruct'],targeted_drop_50,targeted_drop_50,corrupted,targeted_drop_50,0.5,targeted,small_factcheck_v1,"The evidence provided does not contain any information related to the claim about photographs of minors being married or pregnant in Muslim countries. The text discusses religious beliefs and conflicts between early Islamic and Christian traditions, but does not address the claim about the status of minors in Muslim societies.",,,1,['deepseek/deepseek-r1'],25.0,25.0,5.0,5.0,5.0,5.0,5.0
145,Το BBC σε άρθρο του τρολλάρει την Ελλάδα για την αντιμετώπιση των πυρκαγιών.,el,2023-07-23,Refuted,Not_Enough_Evidence,False,,qwen/qwen-2.5-7b-instruct,,qwen/qwen-2.5-7b-instruct,['qwen/qwen-2.5-7b-instruct'],gold,gold,gold,gold,0.0,gold,small_factcheck_v1,"The evidence provided discusses the views of the Russian Orthodox Church and their opposition to modern technology, particularly smartphones and electronic identities, as they relate to prophetic texts and the end times. However, it does not explicitly mention or provide evidence that the BBC is trolling Greece about its approach to wildfires. Therefore, there is not enough information to evaluate the claim.",,,1,['deepseek/deepseek-r1'],25.0,25.0,5.0,5.0,5.0,5.0,5.0
145,Το BBC σε άρθρο του τρολλάρει την Ελλάδα για την αντιμετώπιση των πυρκαγιών.,el,2023-07-23,Refuted,Not_Enough_Evidence,False,,qwen/qwen-2.5-7b-instruct,,qwen/qwen-2.5-7b-instruct,['qwen/qwen-2.5-7b-instruct'],random_drop_20,random_drop_20,corrupted,random_drop_20,0.2,random,small_factcheck_v1,"The evidence provided does not directly mention the BBC or any specific article that could be related to the claim about Greece's response to wildfires. The evidence focuses on the stance of the Russian Orthodox Church against modern technology and its perceived ties to the Antichrist, as well as the development of electronic identification systems in various countries. There is no clear link to the BBC or Greece's wildfire response, making it impossible to determine if the claim is supported or refuted.",,,1,['deepseek/deepseek-r1'],25.0,25.0,5.0,5.0,5.0,5.0,5.0
145,Το BBC σε άρθρο του τρολλάρει την Ελλάδα για την αντιμετώπιση των πυρκαγιών.,el,2023-07-23,Refuted,Not_Enough_Evidence,False,,qwen/qwen-2.5-7b-instruct,,qwen/qwen-2.5-7b-instruct,['qwen/qwen-2.5-7b-instruct'],random_drop_50,random_drop_50,corrupted,random_drop_50,0.5,random,small_factcheck_v1,"The evidence provided does not contain any direct mention of BBC trolling Greece about the wildfires. The articles mainly discuss the views of the Patriarch of Moscow and the Russian Church on technology, privacy, and the end times, without any reference to BBC or wildfires in Greece.",,,1,['deepseek/deepseek-r1'],25.0,25.0,5.0,5.0,5.0,5.0,5.0
145,Το BBC σε άρθρο του τρολλάρει την Ελλάδα για την αντιμετώπιση των πυρκαγιών.,el,2023-07-23,Refuted,Not_Enough_Evidence,False,,qwen/qwen-2.5-7b-instruct,,qwen/qwen-2.5-7b-instruct,['qwen/qwen-2.5-7b-instruct'],targeted_drop_20,targeted_drop_20,corrupted,targeted_drop_20,0.2,targeted,small_factcheck_v1,"The evidence provided does not contain any direct reference to the BBC trolling Greece about fire management. The text discusses various topics including religious leaders' views on technology, privacy, and security, but there is no mention of BBC's actions regarding Greece's fire response.",,,1,['deepseek/deepseek-r1'],25.0,25.0,5.0,5.0,5.0,5.0,5.0
145,Το BBC σε άρθρο του τρολλάρει την Ελλάδα για την αντιμετώπιση των πυρκαγιών.,el,2023-07-23,Refuted,Not_Enough_Evidence,False,,qwen/qwen-2.5-7b-instruct,,qwen/qwen-2.5-7b-instruct,['qwen/qwen-2.5-7b-instruct'],targeted_drop_50,targeted_drop_50,corrupted,targeted_drop_50,0.5,targeted,small_factcheck_v1,"The provided evidence does not contain any direct reference to the BBC trolling Greece about fire management. The text primarily discusses various unrelated topics such as religious leaders, technological advancements, and data security issues. There is no clear connection to the claim regarding BBC's actions towards Greece.",,,1,['deepseek/deepseek-r1'],25.0,25.0,5.0,5.0,5.0,5.0,5.0
147,"Η Ελλάδα βρίσκεται στην πρώτη θέση, όσον αφορά τον αριθμό των τεστ κορωνοϊού που έχει εκτελέσει ενά επιβεβαιωμένο κρούσμα.",el,2020-05-10,Refuted,Refuted,True,,qwen/qwen-2.5-7b-instruct,,qwen/qwen-2.5-7b-instruct,['qwen/qwen-2.5-7b-instruct'],gold,gold,gold,gold,0.0,gold,small_factcheck_v1,"The evidence document does not support the claim that Greece is in first place regarding the number of tests performed for a confirmed case. Instead, it states that Greece ranks 53rd globally in terms of the total number of tests conducted, with an average of 3.583 tests per 100,000 people, placing it at 66th position internationally.",,,1,['deepseek/deepseek-r1'],25.0,25.0,5.0,5.0,5.0,5.0,5.0
147,"Η Ελλάδα βρίσκεται στην πρώτη θέση, όσον αφορά τον αριθμό των τεστ κορωνοϊού που έχει εκτελέσει ενά επιβεβαιωμένο κρούσμα.",el,2020-05-10,Refuted,Refuted,True,,qwen/qwen-2.5-7b-instruct,,qwen/qwen-2.5-7b-instruct,['qwen/qwen-2.5-7b-instruct'],random_drop_20,random_drop_20,corrupted,random_drop_20,0.2,random,small_factcheck_v1,"The evidence document does not support the claim that Greece is in first place regarding the number of tests performed for a confirmed case of coronavirus. In fact, it states that Greece ranks 53rd globally in terms of the number of tests conducted (""Η χώρα μας είναι εξάλλου στην 53ή θέση παγκοσμίως (από 50ή την προηγούμενη εβδομάδα), όσον αφορά τον αριθμό των τεστ που κάθε χώρα έχει πραγματοποιήσει"").",,,1,['deepseek/deepseek-r1'],25.0,25.0,5.0,5.0,5.0,5.0,5.0
147,"Η Ελλάδα βρίσκεται στην πρώτη θέση, όσον αφορά τον αριθμό των τεστ κορωνοϊού που έχει εκτελέσει ενά επιβεβαιωμένο κρούσμα.",el,2020-05-10,Refuted,Not_Enough_Evidence,False,,qwen/qwen-2.5-7b-instruct,,qwen/qwen-2.5-7b-instruct,['qwen/qwen-2.5-7b-instruct'],random_drop_50,random_drop_50,corrupted,random_drop_50,0.5,random,small_factcheck_v1,"The evidence documents do not provide specific information about the number of tests conducted in Greece in relation to confirmed cases. While the documents discuss the number of confirmed cases and deaths, they do not mention the number of tests performed. Therefore, there is not enough information to determine if the claim is supported or refuted.",,,1,['deepseek/deepseek-r1'],25.0,25.0,5.0,5.0,5.0,5.0,5.0
147,"Η Ελλάδα βρίσκεται στην πρώτη θέση, όσον αφορά τον αριθμό των τεστ κορωνοϊού που έχει εκτελέσει ενά επιβεβαιωμένο κρούσμα.",el,2020-05-10,Refuted,Not_Enough_Evidence,False,,qwen/qwen-2.5-7b-instruct,,qwen/qwen-2.5-7b-instruct,['qwen/qwen-2.5-7b-instruct'],targeted_drop_20,targeted_drop_20,corrupted,targeted_drop_20,0.2,targeted,small_factcheck_v1,Το παιδαγωγικό που περιέχεται στα δύο αρχεία δεν ασχολείται με τον αριθμό των τεστ κορωνοϊού που έχει εκτελέσει η Ελλάδα. Η πληροφορία που παρέχεται στο δεύτερο αρχείο σχετίζεται με τη στείρωση ζώων και τις απόψεις των ιδιοκτητών για αυτήν την πράξη. Δεν υπάρχει καμία πληροφορία στα αρχεία που αναφέρει τον αριθμό των τεστ κορωνοϊού που έχει εκτελέσει η Ελλάδα.,,,1,['deepseek/deepseek-r1'],25.0,25.0,5.0,5.0,5.0,5.0,5.0
147,"Η Ελλάδα βρίσκεται στην πρώτη θέση, όσον αφορά τον αριθμό των τεστ κορωνοϊού που έχει εκτελέσει ενά επιβεβαιωμένο κρούσμα.",el,2020-05-10,Refuted,Not_Enough_Evidence,False,,qwen/qwen-2.5-7b-instruct,,qwen/qwen-2.5-7b-instruct,['qwen/qwen-2.5-7b-instruct'],targeted_drop_50,targeted_drop_50,corrupted,targeted_drop_50,0.5,targeted,small_factcheck_v1,"The provided evidence does not contain any specific information about the number of tests conducted in Greece for the coronavirus. While it provides data on the number of confirmed cases and deaths, there is no mention of the number of tests performed.",,,1,['deepseek/deepseek-r1'],25.0,25.0,5.0,5.0,5.0,5.0,5.0
837,Bebelușii din Turcia s-au născut cu deformări din cauza vaccinurilor Covid-19.,ro,2021-10-08,Refuted,Not_Enough_Evidence,False,,qwen/qwen-2.5-7b-instruct,,qwen/qwen-2.5-7b-instruct,['qwen/qwen-2.5-7b-instruct'],gold,gold,gold,gold,0.0,gold,small_factcheck_v1,"The provided evidence document is about the hemogram and its parameters, but it does not mention anything about children being born with deformities due to the COVID-19 vaccine. Therefore, there is not enough information to support or refute the claim.",,,1,['deepseek/deepseek-r1'],25.0,25.0,5.0,5.0,5.0,5.0,5.0
837,Bebelușii din Turcia s-au născut cu deformări din cauza vaccinurilor Covid-19.,ro,2021-10-08,Refuted,Not_Enough_Evidence,False,,qwen/qwen-2.5-7b-instruct,,qwen/qwen-2.5-7b-instruct,['qwen/qwen-2.5-7b-instruct'],random_drop_20,random_drop_20,corrupted,random_drop_20,0.2,random,small_factcheck_v1,"The provided evidence document discusses various parameters measured in a hemogram, including the number of erythrocytes, but it does not mention anything about the birth defects of Bebelușii in Turkey caused by the COVID-19 vaccines. The document focuses on laboratory tests for diagnosing hematological and non-hematological conditions, and there is no relevant information to support or refute the claim.",,,1,['deepseek/deepseek-r1'],25.0,25.0,5.0,5.0,5.0,5.0,5.0
837,Bebelușii din Turcia s-au născut cu deformări din cauza vaccinurilor Covid-19.,ro,2021-10-08,Refuted,Not_Enough_Evidence,False,,qwen/qwen-2.5-7b-instruct,,qwen/qwen-2.5-7b-instruct,['qwen/qwen-2.5-7b-instruct'],random_drop_50,random_drop_50,corrupted,random_drop_50,0.5,random,small_factcheck_v1,"The provided evidence document discusses various aspects of blood testing and hematology but does not mention anything related to Bebelușii (Turkish children) or the effects of the COVID-19 vaccine on their birth deformities. Therefore, there is not enough evidence to support or refute the claim.",,,1,['deepseek/deepseek-r1'],25.0,25.0,5.0,5.0,5.0,5.0,5.0
837,Bebelușii din Turcia s-au născut cu deformări din cauza vaccinurilor Covid-19.,ro,2021-10-08,Refuted,Not_Enough_Evidence,False,,qwen/qwen-2.5-7b-instruct,,qwen/qwen-2.5-7b-instruct,['qwen/qwen-2.5-7b-instruct'],targeted_drop_20,targeted_drop_20,corrupted,targeted_drop_20,0.2,targeted,small_factcheck_v1,"The evidence provided in the document is about the hemogram and its parameters, including the number of erythrocytes. However, it does not contain any information about deformed babies born in Turkey due to the COVID-19 vaccine. Therefore, there is not enough information to support or refute the claim.",,,1,['deepseek/deepseek-r1'],25.0,25.0,5.0,5.0,5.0,5.0,5.0
837,Bebelușii din Turcia s-au născut cu deformări din cauza vaccinurilor Covid-19.,ro,2021-10-08,Refuted,Not_Enough_Evidence,False,,qwen/qwen-2.5-7b-instruct,,qwen/qwen-2.5-7b-instruct,['qwen/qwen-2.5-7b-instruct'],targeted_drop_50,targeted_drop_50,corrupted,targeted_drop_50,0.5,targeted,small_factcheck_v1,"The provided evidence document is about hemograma and describes various parameters measured in a blood test, including the number and characteristics of eritrocite cells. However, it does not mention anything about birth defects in Bebeluşii (Turkish children) due to Covid-19 vaccines. Therefore, there is not enough information to support or refute the claim.",,,1,['deepseek/deepseek-r1'],25.0,25.0,5.0,5.0,5.0,5.0,5.0
